"id","Y_mw","Y_rtw","Z_mw","Z_rtw","weights_rtw","prob_rtw","weights_mw","prob_mw","batch"
1,1,1,"Proposal 4 (N)","Proposal 2 (CA)",8,0.125,10,0.1,1
2,1,1,"Proposal 4 (N)","Proposal 4 (BM)",8,0.125,10,0.1,1
3,1,0,"Proposal 3 (N)","Proposal 1 (CA)",8,0.125,10,0.1,1
4,1,0,"Proposal 2 (N)","Proposal 3 (BM)",8,0.125,10,0.1,1
5,1,1,"Proposal 2 (N)","Proposal 2 (BM)",8,0.125,10,0.1,1
6,1,1,"Proposal 3 (N)","Proposal 4 (BM)",8,0.125,10,0.1,1
7,1,1,"Proposal 1 (N)","Proposal 3 (BM)",8,0.125,10,0.1,1
8,1,1,"Proposal 2 (Y)","Proposal 3 (BM)",8,0.125,10,0.1,1
9,1,1,"Proposal 4 (Y)","Proposal 3 (BM)",8,0.125,10,0.1,1
10,1,1,"Proposal 3 (N)","Proposal 1 (CA)",8,0.125,10,0.1,1
11,1,1,"Proposal 3 (Y)","Proposal 1 (CA)",8,0.125,10,0.1,1
12,1,1,"Proposal 5 (Y)","Proposal 4 (CA)",8,0.125,10,0.1,1
13,0,1,"Proposal 5 (Y)","Proposal 2 (BM)",8,0.125,10,0.1,1
14,1,1,"Proposal 5 (Y)","Proposal 3 (CA)",8,0.125,10,0.1,1
15,1,1,"Proposal 1 (Y)","Proposal 1 (BM)",8,0.125,10,0.1,1
16,1,1,"Proposal 3 (Y)","Proposal 4 (CA)",8,0.125,10,0.1,1
17,1,0,"Proposal 1 (Y)","Proposal 2 (CA)",8,0.125,10,0.1,1
18,1,1,"Proposal 5 (Y)","Proposal 1 (BM)",8,0.125,10,0.1,1
19,1,1,"Proposal 4 (Y)","Proposal 2 (BM)",8,0.125,10,0.1,1
20,1,1,"Proposal 1 (N)","Proposal 4 (CA)",8,0.125,10,0.1,1
21,0,0,"Proposal 4 (N)","Proposal 1 (CA)",8,0.125,10,0.1,1
22,1,1,"Proposal 2 (Y)","Proposal 2 (BM)",8,0.125,10,0.1,1
23,1,1,"Proposal 5 (Y)","Proposal 3 (CA)",8,0.125,10,0.1,1
24,1,1,"Proposal 2 (Y)","Proposal 4 (BM)",8,0.125,10,0.1,1
25,1,1,"Proposal 4 (Y)","Proposal 3 (BM)",8,0.125,10,0.1,1
26,1,1,"Proposal 5 (N)","Proposal 2 (BM)",8,0.125,10,0.1,1
27,1,0,"Proposal 1 (N)","Proposal 2 (CA)",8,0.125,10,0.1,1
28,1,1,"Proposal 3 (Y)","Proposal 3 (CA)",8,0.125,10,0.1,1
29,1,1,"Proposal 3 (Y)","Proposal 4 (CA)",8,0.125,10,0.1,1
30,1,1,"Proposal 1 (N)","Proposal 2 (BM)",8,0.125,10,0.1,1
31,1,1,"Proposal 3 (Y)","Proposal 4 (CA)",8,0.125,10,0.1,1
32,1,1,"Proposal 1 (Y)","Proposal 1 (BM)",8,0.125,10,0.1,1
33,1,1,"Proposal 3 (Y)","Proposal 1 (BM)",8,0.125,10,0.1,1
34,1,1,"Proposal 1 (Y)","Proposal 1 (CA)",8,0.125,10,0.1,1
35,1,1,"Proposal 1 (N)","Proposal 2 (CA)",8,0.125,10,0.1,1
36,1,1,"Proposal 2 (N)","Proposal 2 (CA)",8,0.125,10,0.1,1
37,0,1,"Proposal 4 (N)","Proposal 4 (BM)",8,0.125,10,0.1,1
38,1,0,"Proposal 2 (N)","Proposal 3 (BM)",8,0.125,10,0.1,1
39,1,1,"Proposal 4 (Y)","Proposal 1 (CA)",8,0.125,10,0.1,1
40,0,0,"Proposal 1 (N)","Proposal 3 (BM)",8,0.125,10,0.1,1
41,1,1,"Proposal 2 (Y)","Proposal 2 (BM)",8,0.125,10,0.1,1
42,1,1,"Proposal 5 (Y)","Proposal 3 (BM)",8,0.125,10,0.1,1
43,1,1,"Proposal 3 (Y)","Proposal 2 (CA)",8,0.125,10,0.1,1
44,1,0,"Proposal 3 (Y)","Proposal 2 (BM)",8,0.125,10,0.1,1
45,1,0,"Proposal 2 (N)","Proposal 3 (CA)",8,0.125,10,0.1,1
46,1,1,"Proposal 2 (Y)","Proposal 1 (CA)",8,0.125,10,0.1,1
47,1,1,"Proposal 5 (Y)","Proposal 2 (CA)",8,0.125,10,0.1,1
48,1,1,"Proposal 5 (Y)","Proposal 4 (BM)",8,0.125,10,0.1,1
49,1,1,"Proposal 1 (Y)","Proposal 3 (BM)",8,0.125,10,0.1,1
50,1,1,"Proposal 2 (Y)","Proposal 4 (BM)",8,0.125,10,0.1,1
51,1,1,"Proposal 4 (Y)","Proposal 2 (CA)",8,0.125,10,0.1,1
52,1,1,"Proposal 3 (Y)","Proposal 1 (BM)",8,0.125,10,0.1,1
53,0,0,"Proposal 2 (Y)","Proposal 3 (BM)",8,0.125,10,0.1,1
54,1,0,"Proposal 4 (N)","Proposal 1 (BM)",8,0.125,10,0.1,1
55,1,1,"Proposal 2 (N)","Proposal 4 (BM)",8,0.125,10,0.1,1
56,1,1,"Proposal 4 (Y)","Proposal 4 (BM)",8,0.125,10,0.1,1
57,1,1,"Proposal 2 (N)","Proposal 4 (CA)",8,0.125,10,0.1,1
58,1,1,"Proposal 5 (N)","Proposal 2 (CA)",8,0.125,10,0.1,1
59,1,1,"Proposal 5 (N)","Proposal 1 (BM)",8,0.125,10,0.1,1
60,1,1,"Proposal 2 (Y)","Proposal 4 (CA)",8,0.125,10,0.1,1
61,1,1,"Proposal 1 (Y)","Proposal 4 (CA)",8,0.125,10,0.1,1
62,1,1,"Proposal 2 (N)","Proposal 4 (CA)",8,0.125,10,0.1,1
63,1,1,"Proposal 3 (N)","Proposal 1 (BM)",8,0.125,10,0.1,1
64,1,0,"Proposal 4 (Y)","Proposal 2 (BM)",8,0.125,10,0.1,1
65,0,1,"Proposal 3 (N)","Proposal 2 (BM)",8,0.125,10,0.1,1
66,1,1,"Proposal 5 (Y)","Proposal 4 (CA)",8,0.125,10,0.1,1
67,1,0,"Proposal 2 (Y)","Proposal 3 (BM)",8,0.125,10,0.1,1
68,0,1,"Proposal 1 (Y)","Proposal 4 (CA)",8,0.125,10,0.1,1
69,1,1,"Proposal 2 (Y)","Proposal 3 (CA)",8,0.125,10,0.1,1
70,1,1,"Proposal 1 (Y)","Proposal 1 (BM)",8,0.125,10,0.1,1
71,1,1,"Proposal 4 (N)","Proposal 4 (CA)",8,0.125,10,0.1,1
72,1,1,"Proposal 1 (N)","Proposal 4 (CA)",8,0.125,10,0.1,1
73,1,1,"Proposal 5 (Y)","Proposal 2 (CA)",8,0.125,10,0.1,1
74,0,0,"Proposal 1 (Y)","Proposal 4 (CA)",8,0.125,10,0.1,1
75,0,1,"Proposal 2 (Y)","Proposal 4 (BM)",8,0.125,10,0.1,1
76,1,0,"Proposal 2 (Y)","Proposal 1 (CA)",8,0.125,10,0.1,1
77,1,0,"Proposal 3 (N)","Proposal 2 (CA)",8,0.125,10,0.1,1
78,1,1,"Proposal 3 (Y)","Proposal 3 (BM)",8,0.125,10,0.1,1
79,1,1,"Proposal 3 (Y)","Proposal 1 (CA)",8,0.125,10,0.1,1
80,0,0,"Proposal 4 (N)","Proposal 3 (CA)",8,0.125,10,0.1,1
81,1,1,"Proposal 1 (N)","Proposal 2 (CA)",8,0.125,10,0.1,1
82,1,1,"Proposal 3 (Y)","Proposal 1 (BM)",8,0.125,10,0.1,1
83,1,1,"Proposal 4 (N)","Proposal 4 (BM)",8,0.125,10,0.1,1
84,0,1,"Proposal 4 (Y)","Proposal 4 (BM)",8,0.125,10,0.1,1
85,1,1,"Proposal 1 (Y)","Proposal 2 (CA)",8,0.125,10,0.1,1
86,0,1,"Proposal 1 (N)","Proposal 3 (CA)",8,0.125,10,0.1,1
87,1,1,"Proposal 4 (N)","Proposal 2 (CA)",8,0.125,10,0.1,1
88,0,1,"Proposal 5 (N)","Proposal 3 (CA)",8,0.125,10,0.1,1
89,1,1,"Proposal 4 (Y)","Proposal 4 (CA)",8,0.125,10,0.1,1
90,1,1,"Proposal 3 (Y)","Proposal 2 (BM)",8,0.125,10,0.1,1
91,1,0,"Proposal 3 (Y)","Proposal 1 (BM)",8,0.125,10,0.1,1
92,1,0,"Proposal 2 (N)","Proposal 3 (CA)",8,0.125,10,0.1,1
93,0,1,"Proposal 2 (N)","Proposal 1 (BM)",8,0.125,10,0.1,1
94,1,1,"Proposal 3 (N)","Proposal 2 (BM)",8,0.125,10,0.1,1
95,0,1,"Proposal 2 (Y)","Proposal 4 (BM)",8,0.125,10,0.1,1
96,1,1,"Proposal 1 (Y)","Proposal 3 (CA)",8,0.125,10,0.1,1
97,1,1,"Proposal 4 (N)","Proposal 1 (CA)",8,0.125,10,0.1,1
98,1,1,"Proposal 1 (Y)","Proposal 1 (CA)",8,0.125,10,0.1,1
99,1,1,"Proposal 3 (N)","Proposal 4 (BM)",8,0.125,10,0.1,1
100,0,0,"Proposal 3 (N)","Proposal 4 (BM)",1.62422037422037,0.61568,15.1148730350665,0.06616,2
101,1,1,"Proposal 3 (Y)","Proposal 1 (CA)",48.1231953801732,0.02078,1.83681716321957,0.54442,2
102,1,1,"Proposal 1 (Y)","Proposal 4 (CA)",4.72232716282584,0.21176,27.8396436525612,0.03592,2
103,1,1,"Proposal 3 (Y)","Proposal 4 (BM)",1.62422037422037,0.61568,1.83681716321957,0.54442,2
104,1,1,"Proposal 3 (Y)","Proposal 4 (CA)",4.72232716282584,0.21176,1.83681716321957,0.54442,2
105,1,1,"Proposal 3 (Y)","Proposal 4 (BM)",1.62422037422037,0.61568,1.83681716321957,0.54442,2
106,0,1,"Proposal 3 (Y)","Proposal 4 (CA)",4.72232716282584,0.21176,1.83681716321957,0.54442,2
107,1,1,"Proposal 3 (Y)","Proposal 4 (CA)",4.72232716282584,0.21176,1.83681716321957,0.54442,2
108,1,0,"Proposal 2 (N)","Proposal 4 (CA)",4.72232716282584,0.21176,9.8755678451511,0.10126,2
109,1,1,"Proposal 3 (N)","Proposal 4 (BM)",1.62422037422037,0.61568,15.1148730350665,0.06616,2
110,1,0,"Proposal 5 (Y)","Proposal 4 (BM)",1.62422037422037,0.61568,10.7342206955775,0.09316,2
111,1,1,"Proposal 3 (N)","Proposal 4 (BM)",1.62422037422037,0.61568,15.1148730350665,0.06616,2
112,1,1,"Proposal 5 (Y)","Proposal 1 (BM)",21.5796288303841,0.04634,10.7342206955775,0.09316,2
113,1,1,"Proposal 3 (Y)","Proposal 1 (BM)",21.5796288303841,0.04634,1.83681716321957,0.54442,2
114,0,1,"Proposal 3 (Y)","Proposal 4 (BM)",1.62422037422037,0.61568,1.83681716321957,0.54442,2
115,1,0,"Proposal 3 (Y)","Proposal 1 (CA)",48.1231953801732,0.02078,1.83681716321957,0.54442,2
116,1,1,"Proposal 5 (Y)","Proposal 4 (BM)",1.62422037422037,0.61568,10.7342206955775,0.09316,2
117,1,1,"Proposal 3 (Y)","Proposal 4 (CA)",4.72232716282584,0.21176,1.83681716321957,0.54442,2
118,1,1,"Proposal 5 (Y)","Proposal 1 (BM)",21.5796288303841,0.04634,10.7342206955775,0.09316,2
119,1,0,"Proposal 5 (Y)","Proposal 4 (BM)",1.62422037422037,0.61568,10.7342206955775,0.09316,2
120,0,1,"Proposal 3 (Y)","Proposal 2 (BM)",20.3169443315725,0.04922,1.83681716321957,0.54442,2
121,0,0,"Proposal 3 (N)","Proposal 4 (CA)",4.72232716282584,0.21176,15.1148730350665,0.06616,2
122,1,1,"Proposal 3 (Y)","Proposal 4 (BM)",1.62422037422037,0.61568,1.83681716321957,0.54442,2
123,1,1,"Proposal 3 (Y)","Proposal 4 (BM)",1.62422037422037,0.61568,1.83681716321957,0.54442,2
124,0,1,"Proposal 3 (Y)","Proposal 4 (BM)",1.62422037422037,0.61568,1.83681716321957,0.54442,2
125,1,1,"Proposal 3 (Y)","Proposal 4 (BM)",1.62422037422037,0.61568,1.83681716321957,0.54442,2
126,0,1,"Proposal 3 (Y)","Proposal 4 (BM)",1.62422037422037,0.61568,1.83681716321957,0.54442,2
127,1,1,"Proposal 3 (N)","Proposal 4 (BM)",1.62422037422037,0.61568,15.1148730350665,0.06616,2
128,1,1,"Proposal 3 (N)","Proposal 1 (BM)",21.5796288303841,0.04634,15.1148730350665,0.06616,2
129,1,1,"Proposal 2 (Y)","Proposal 4 (BM)",1.62422037422037,0.61568,59.3824228028504,0.01684,2
130,0,0,"Proposal 2 (N)","Proposal 3 (CA)",55.3097345132743,0.01808,9.8755678451511,0.10126,2
131,1,0,"Proposal 3 (Y)","Proposal 4 (BM)",1.62422037422037,0.61568,1.83681716321957,0.54442,2
132,1,0,"Proposal 2 (N)","Proposal 4 (CA)",4.72232716282584,0.21176,9.8755678451511,0.10126,2
133,1,1,"Proposal 3 (N)","Proposal 4 (BM)",1.62422037422037,0.61568,15.1148730350665,0.06616,2
134,1,0,"Proposal 3 (Y)","Proposal 4 (BM)",1.62422037422037,0.61568,1.83681716321957,0.54442,2
135,1,1,"Proposal 3 (Y)","Proposal 4 (BM)",1.62422037422037,0.61568,1.83681716321957,0.54442,2
136,1,1,"Proposal 3 (Y)","Proposal 4 (BM)",1.62422037422037,0.61568,1.83681716321957,0.54442,2
137,1,1,"Proposal 5 (Y)","Proposal 3 (BM)",78.8643533123028,0.01268,10.7342206955775,0.09316,2
138,1,0,"Proposal 3 (Y)","Proposal 4 (CA)",4.72232716282584,0.21176,1.83681716321957,0.54442,2
139,1,1,"Proposal 3 (Y)","Proposal 2 (BM)",20.3169443315725,0.04922,1.83681716321957,0.54442,2
140,0,1,"Proposal 3 (Y)","Proposal 4 (BM)",1.62422037422037,0.61568,1.83681716321957,0.54442,2
141,1,0,"Proposal 3 (N)","Proposal 2 (BM)",20.3169443315725,0.04922,15.1148730350665,0.06616,2
142,1,1,"Proposal 3 (N)","Proposal 4 (BM)",1.62422037422037,0.61568,15.1148730350665,0.06616,2
143,1,1,"Proposal 3 (N)","Proposal 4 (BM)",1.62422037422037,0.61568,15.1148730350665,0.06616,2
144,1,0,"Proposal 1 (Y)","Proposal 4 (BM)",1.62422037422037,0.61568,27.8396436525612,0.03592,2
145,0,0,"Proposal 3 (Y)","Proposal 1 (CA)",48.1231953801732,0.02078,1.83681716321957,0.54442,2
146,1,1,"Proposal 3 (Y)","Proposal 4 (CA)",4.72232716282584,0.21176,1.83681716321957,0.54442,2
147,1,1,"Proposal 3 (N)","Proposal 4 (CA)",4.72232716282584,0.21176,15.1148730350665,0.06616,2
148,1,1,"Proposal 3 (Y)","Proposal 1 (BM)",21.5796288303841,0.04634,1.83681716321957,0.54442,2
149,1,1,"Proposal 3 (N)","Proposal 4 (BM)",1.62422037422037,0.61568,15.1148730350665,0.06616,2
150,1,1,"Proposal 3 (Y)","Proposal 4 (CA)",4.72232716282584,0.21176,1.83681716321957,0.54442,2
151,1,1,"Proposal 3 (Y)","Proposal 4 (CA)",4.72232716282584,0.21176,1.83681716321957,0.54442,2
152,1,1,"Proposal 3 (Y)","Proposal 4 (BM)",1.62422037422037,0.61568,1.83681716321957,0.54442,2
153,1,1,"Proposal 5 (Y)","Proposal 4 (BM)",1.62422037422037,0.61568,10.7342206955775,0.09316,2
154,1,1,"Proposal 3 (Y)","Proposal 4 (BM)",1.62422037422037,0.61568,1.83681716321957,0.54442,2
155,1,1,"Proposal 3 (Y)","Proposal 4 (BM)",1.62422037422037,0.61568,1.83681716321957,0.54442,2
156,1,1,"Proposal 3 (Y)","Proposal 4 (BM)",1.62422037422037,0.61568,1.83681716321957,0.54442,2
157,0,1,"Proposal 4 (Y)","Proposal 4 (BM)",1.62422037422037,0.61568,12.6103404791929,0.0793,2
158,1,1,"Proposal 3 (Y)","Proposal 4 (BM)",1.62422037422037,0.61568,1.83681716321957,0.54442,2
159,1,0,"Proposal 3 (Y)","Proposal 1 (BM)",21.5796288303841,0.04634,1.83681716321957,0.54442,2
160,1,1,"Proposal 4 (Y)","Proposal 4 (CA)",4.72232716282584,0.21176,12.6103404791929,0.0793,2
161,1,1,"Proposal 3 (N)","Proposal 1 (BM)",21.5796288303841,0.04634,15.1148730350665,0.06616,2
162,1,1,"Proposal 3 (Y)","Proposal 2 (BM)",20.3169443315725,0.04922,1.83681716321957,0.54442,2
163,1,0,"Proposal 3 (Y)","Proposal 4 (CA)",4.72232716282584,0.21176,1.83681716321957,0.54442,2
164,1,1,"Proposal 2 (Y)","Proposal 4 (BM)",1.62422037422037,0.61568,59.3824228028504,0.01684,2
165,1,1,"Proposal 3 (Y)","Proposal 4 (CA)",4.72232716282584,0.21176,1.83681716321957,0.54442,2
166,1,1,"Proposal 3 (N)","Proposal 4 (BM)",1.62422037422037,0.61568,15.1148730350665,0.06616,2
167,1,1,"Proposal 3 (Y)","Proposal 4 (CA)",4.72232716282584,0.21176,1.83681716321957,0.54442,2
168,1,1,"Proposal 3 (Y)","Proposal 2 (CA)",39.2772977219167,0.02546,1.83681716321957,0.54442,2
169,1,1,"Proposal 3 (Y)","Proposal 4 (BM)",1.62422037422037,0.61568,1.83681716321957,0.54442,2
170,1,1,"Proposal 3 (Y)","Proposal 4 (BM)",1.62422037422037,0.61568,1.83681716321957,0.54442,2
171,0,0,"Proposal 3 (Y)","Proposal 4 (CA)",4.72232716282584,0.21176,1.83681716321957,0.54442,2
172,1,1,"Proposal 3 (Y)","Proposal 4 (BM)",1.62422037422037,0.61568,1.83681716321957,0.54442,2
173,1,1,"Proposal 3 (Y)","Proposal 1 (CA)",48.1231953801732,0.02078,1.83681716321957,0.54442,2
174,1,1,"Proposal 3 (Y)","Proposal 1 (BM)",21.5796288303841,0.04634,1.83681716321957,0.54442,2
175,1,1,"Proposal 3 (N)","Proposal 4 (BM)",1.62422037422037,0.61568,15.1148730350665,0.06616,2
176,0,1,"Proposal 3 (Y)","Proposal 4 (BM)",1.62422037422037,0.61568,1.83681716321957,0.54442,2
177,1,0,"Proposal 3 (Y)","Proposal 4 (CA)",4.72232716282584,0.21176,1.83681716321957,0.54442,2
178,1,1,"Proposal 3 (Y)","Proposal 4 (CA)",4.72232716282584,0.21176,1.83681716321957,0.54442,2
179,0,0,"Proposal 3 (Y)","Proposal 1 (BM)",21.5796288303841,0.04634,1.83681716321957,0.54442,2
180,1,1,"Proposal 3 (Y)","Proposal 4 (BM)",1.62422037422037,0.61568,1.83681716321957,0.54442,2
181,1,1,"Proposal 5 (N)","Proposal 4 (BM)",1.62422037422037,0.61568,34.8189415041783,0.02872,2
182,1,1,"Proposal 2 (N)","Proposal 4 (BM)",1.62422037422037,0.61568,9.8755678451511,0.10126,2
183,1,1,"Proposal 2 (N)","Proposal 1 (BM)",21.5796288303841,0.04634,9.8755678451511,0.10126,2
184,1,1,"Proposal 5 (N)","Proposal 4 (BM)",1.62422037422037,0.61568,34.8189415041783,0.02872,2
185,1,1,"Proposal 3 (N)","Proposal 4 (CA)",4.72232716282584,0.21176,15.1148730350665,0.06616,2
186,1,1,"Proposal 4 (Y)","Proposal 4 (CA)",4.72232716282584,0.21176,12.6103404791929,0.0793,2
187,1,1,"Proposal 3 (N)","Proposal 2 (BM)",20.3169443315725,0.04922,15.1148730350665,0.06616,2
188,1,1,"Proposal 3 (Y)","Proposal 4 (BM)",1.62422037422037,0.61568,1.83681716321957,0.54442,2
189,1,1,"Proposal 2 (N)","Proposal 4 (BM)",1.62422037422037,0.61568,9.8755678451511,0.10126,2
190,1,1,"Proposal 3 (Y)","Proposal 4 (BM)",1.62422037422037,0.61568,1.83681716321957,0.54442,2
191,1,1,"Proposal 3 (Y)","Proposal 4 (BM)",1.62422037422037,0.61568,1.83681716321957,0.54442,2
192,0,1,"Proposal 3 (Y)","Proposal 4 (CA)",4.72232716282584,0.21176,1.83681716321957,0.54442,2
193,1,1,"Proposal 2 (N)","Proposal 2 (BM)",20.3169443315725,0.04922,9.8755678451511,0.10126,2
194,1,1,"Proposal 1 (Y)","Proposal 4 (CA)",4.72232716282584,0.21176,27.8396436525612,0.03592,2
195,1,0,"Proposal 2 (Y)","Proposal 4 (BM)",1.62422037422037,0.61568,59.3824228028504,0.01684,2
196,1,1,"Proposal 2 (N)","Proposal 4 (CA)",4.72232716282584,0.21176,9.8755678451511,0.10126,2
197,1,1,"Proposal 5 (Y)","Proposal 4 (BM)",1.62422037422037,0.61568,10.7342206955775,0.09316,2
198,1,0,"Proposal 3 (Y)","Proposal 3 (BM)",78.8643533123028,0.01268,1.83681716321957,0.54442,2
199,1,1,"Proposal 2 (N)","Proposal 4 (BM)",1.96139965479366,0.50984,6.73763643713785,0.14842,3
200,1,1,"Proposal 5 (Y)","Proposal 2 (CA)",9.40910801656003,0.10628,2.53151739152448,0.39502,3
201,0,0,"Proposal 3 (N)","Proposal 2 (CA)",9.40910801656003,0.10628,8.8809946714032,0.1126,3
202,1,1,"Proposal 2 (N)","Proposal 2 (CA)",9.40910801656003,0.10628,6.73763643713785,0.14842,3
203,1,0,"Proposal 3 (N)","Proposal 2 (CA)",9.40910801656003,0.10628,8.8809946714032,0.1126,3
204,1,1,"Proposal 5 (Y)","Proposal 4 (BM)",1.96139965479366,0.50984,2.53151739152448,0.39502,3
205,1,1,"Proposal 1 (N)","Proposal 1 (CA)",53.1914893617021,0.0188,26.0145681581686,0.03844,3
206,1,1,"Proposal 5 (Y)","Proposal 4 (BM)",1.96139965479366,0.50984,2.53151739152448,0.39502,3
207,1,0,"Proposal 3 (N)","Proposal 2 (BM)",6.13572217449994,0.16298,8.8809946714032,0.1126,3
208,0,1,"Proposal 3 (N)","Proposal 4 (BM)",1.96139965479366,0.50984,8.8809946714032,0.1126,3
209,0,1,"Proposal 4 (Y)","Proposal 4 (BM)",1.96139965479366,0.50984,16.9090294217112,0.05914,3
210,1,1,"Proposal 5 (Y)","Proposal 4 (CA)",16.366612111293,0.0611,2.53151739152448,0.39502,3
211,0,1,"Proposal 1 (N)","Proposal 2 (BM)",6.13572217449994,0.16298,26.0145681581686,0.03844,3
212,1,1,"Proposal 5 (Y)","Proposal 4 (BM)",1.96139965479366,0.50984,2.53151739152448,0.39502,3
213,1,1,"Proposal 1 (Y)","Proposal 4 (BM)",1.96139965479366,0.50984,10.5507491031863,0.09478,3
214,1,0,"Proposal 3 (N)","Proposal 2 (CA)",9.40910801656003,0.10628,8.8809946714032,0.1126,3
215,1,0,"Proposal 5 (Y)","Proposal 1 (BM)",9.25240562546262,0.10808,2.53151739152448,0.39502,3
216,1,1,"Proposal 5 (N)","Proposal 4 (BM)",1.96139965479366,0.50984,13.6649357748019,0.07318,3
217,1,1,"Proposal 5 (Y)","Proposal 4 (BM)",1.96139965479366,0.50984,2.53151739152448,0.39502,3
218,0,0,"Proposal 5 (Y)","Proposal 4 (BM)",1.96139965479366,0.50984,2.53151739152448,0.39502,3
219,1,1,"Proposal 5 (Y)","Proposal 4 (BM)",1.96139965479366,0.50984,2.53151739152448,0.39502,3
220,1,0,"Proposal 5 (N)","Proposal 1 (BM)",9.25240562546262,0.10808,13.6649357748019,0.07318,3
221,0,1,"Proposal 5 (Y)","Proposal 4 (BM)",1.96139965479366,0.50984,2.53151739152448,0.39502,3
222,1,1,"Proposal 1 (N)","Proposal 4 (CA)",16.366612111293,0.0611,26.0145681581686,0.03844,3
223,1,1,"Proposal 2 (Y)","Proposal 1 (BM)",9.25240562546262,0.10808,26.1369576581286,0.03826,3
224,1,1,"Proposal 5 (N)","Proposal 4 (CA)",16.366612111293,0.0611,13.6649357748019,0.07318,3
225,1,1,"Proposal 5 (Y)","Proposal 4 (BM)",1.96139965479366,0.50984,2.53151739152448,0.39502,3
226,1,1,"Proposal 3 (N)","Proposal 4 (CA)",16.366612111293,0.0611,8.8809946714032,0.1126,3
227,1,1,"Proposal 2 (N)","Proposal 4 (CA)",16.366612111293,0.0611,6.73763643713785,0.14842,3
228,1,0,"Proposal 5 (Y)","Proposal 1 (BM)",9.25240562546262,0.10808,2.53151739152448,0.39502,3
229,1,1,"Proposal 5 (Y)","Proposal 4 (BM)",1.96139965479366,0.50984,2.53151739152448,0.39502,3
230,1,0,"Proposal 5 (Y)","Proposal 4 (CA)",16.366612111293,0.0611,2.53151739152448,0.39502,3
231,1,1,"Proposal 2 (N)","Proposal 1 (BM)",9.25240562546262,0.10808,6.73763643713785,0.14842,3
232,1,1,"Proposal 5 (Y)","Proposal 4 (BM)",1.96139965479366,0.50984,2.53151739152448,0.39502,3
233,1,1,"Proposal 3 (N)","Proposal 4 (BM)",1.96139965479366,0.50984,8.8809946714032,0.1126,3
234,0,1,"Proposal 5 (Y)","Proposal 4 (BM)",1.96139965479366,0.50984,2.53151739152448,0.39502,3
235,1,1,"Proposal 5 (Y)","Proposal 4 (BM)",1.96139965479366,0.50984,2.53151739152448,0.39502,3
236,1,1,"Proposal 2 (N)","Proposal 4 (BM)",1.96139965479366,0.50984,6.73763643713785,0.14842,3
237,1,1,"Proposal 5 (Y)","Proposal 2 (BM)",6.13572217449994,0.16298,2.53151739152448,0.39502,3
238,1,1,"Proposal 1 (Y)","Proposal 2 (BM)",6.13572217449994,0.16298,10.5507491031863,0.09478,3
239,1,1,"Proposal 1 (Y)","Proposal 2 (BM)",6.13572217449994,0.16298,10.5507491031863,0.09478,3
240,1,1,"Proposal 5 (Y)","Proposal 2 (BM)",6.13572217449994,0.16298,2.53151739152448,0.39502,3
241,1,1,"Proposal 5 (Y)","Proposal 4 (CA)",16.366612111293,0.0611,2.53151739152448,0.39502,3
242,1,1,"Proposal 1 (N)","Proposal 2 (BM)",6.13572217449994,0.16298,26.0145681581686,0.03844,3
243,0,1,"Proposal 2 (N)","Proposal 4 (BM)",1.96139965479366,0.50984,6.73763643713785,0.14842,3
244,1,1,"Proposal 5 (Y)","Proposal 1 (BM)",9.25240562546262,0.10808,2.53151739152448,0.39502,3
245,1,1,"Proposal 2 (Y)","Proposal 4 (BM)",1.96139965479366,0.50984,26.1369576581286,0.03826,3
246,1,1,"Proposal 5 (Y)","Proposal 2 (BM)",6.13572217449994,0.16298,2.53151739152448,0.39502,3
247,1,1,"Proposal 3 (N)","Proposal 4 (BM)",1.96139965479366,0.50984,8.8809946714032,0.1126,3
248,1,1,"Proposal 5 (N)","Proposal 4 (BM)",1.96139965479366,0.50984,13.6649357748019,0.07318,3
249,1,1,"Proposal 4 (Y)","Proposal 4 (BM)",1.96139965479366,0.50984,16.9090294217112,0.05914,3
250,1,1,"Proposal 4 (Y)","Proposal 4 (BM)",1.96139965479366,0.50984,16.9090294217112,0.05914,3
251,1,1,"Proposal 5 (N)","Proposal 1 (BM)",9.25240562546262,0.10808,13.6649357748019,0.07318,3
252,1,1,"Proposal 5 (N)","Proposal 1 (BM)",9.25240562546262,0.10808,13.6649357748019,0.07318,3
253,1,1,"Proposal 3 (N)","Proposal 4 (BM)",1.96139965479366,0.50984,8.8809946714032,0.1126,3
254,1,0,"Proposal 1 (Y)","Proposal 2 (CA)",9.40910801656003,0.10628,10.5507491031863,0.09478,3
255,0,1,"Proposal 2 (N)","Proposal 4 (BM)",1.96139965479366,0.50984,6.73763643713785,0.14842,3
256,1,0,"Proposal 5 (N)","Proposal 4 (BM)",1.96139965479366,0.50984,13.6649357748019,0.07318,3
257,1,1,"Proposal 5 (Y)","Proposal 4 (BM)",1.96139965479366,0.50984,2.53151739152448,0.39502,3
258,0,1,"Proposal 5 (Y)","Proposal 4 (BM)",1.96139965479366,0.50984,2.53151739152448,0.39502,3
259,1,0,"Proposal 3 (N)","Proposal 1 (BM)",9.25240562546262,0.10808,8.8809946714032,0.1126,3
260,1,1,"Proposal 5 (Y)","Proposal 4 (BM)",1.96139965479366,0.50984,2.53151739152448,0.39502,3
261,1,1,"Proposal 1 (N)","Proposal 4 (CA)",16.366612111293,0.0611,26.0145681581686,0.03844,3
262,1,1,"Proposal 3 (N)","Proposal 4 (BM)",1.96139965479366,0.50984,8.8809946714032,0.1126,3
263,1,1,"Proposal 5 (Y)","Proposal 4 (BM)",1.96139965479366,0.50984,2.53151739152448,0.39502,3
264,1,1,"Proposal 5 (Y)","Proposal 4 (BM)",1.96139965479366,0.50984,2.53151739152448,0.39502,3
265,1,0,"Proposal 5 (Y)","Proposal 3 (BM)",73.6377025036819,0.01358,2.53151739152448,0.39502,3
266,0,0,"Proposal 2 (N)","Proposal 2 (BM)",6.13572217449994,0.16298,6.73763643713785,0.14842,3
267,1,1,"Proposal 5 (Y)","Proposal 4 (BM)",1.96139965479366,0.50984,2.53151739152448,0.39502,3
268,1,1,"Proposal 5 (Y)","Proposal 4 (BM)",1.96139965479366,0.50984,2.53151739152448,0.39502,3
269,1,1,"Proposal 3 (N)","Proposal 4 (CA)",16.366612111293,0.0611,8.8809946714032,0.1126,3
270,1,1,"Proposal 3 (N)","Proposal 4 (BM)",1.96139965479366,0.50984,8.8809946714032,0.1126,3
271,0,1,"Proposal 4 (Y)","Proposal 4 (BM)",1.96139965479366,0.50984,16.9090294217112,0.05914,3
272,1,1,"Proposal 5 (Y)","Proposal 1 (BM)",9.25240562546262,0.10808,2.53151739152448,0.39502,3
273,1,1,"Proposal 5 (Y)","Proposal 4 (BM)",1.96139965479366,0.50984,2.53151739152448,0.39502,3
274,0,0,"Proposal 5 (Y)","Proposal 4 (BM)",1.96139965479366,0.50984,2.53151739152448,0.39502,3
275,0,1,"Proposal 2 (Y)","Proposal 4 (CA)",16.366612111293,0.0611,26.1369576581286,0.03826,3
276,1,1,"Proposal 5 (Y)","Proposal 4 (BM)",1.96139965479366,0.50984,2.53151739152448,0.39502,3
277,1,1,"Proposal 3 (N)","Proposal 4 (BM)",1.96139965479366,0.50984,8.8809946714032,0.1126,3
278,1,1,"Proposal 4 (Y)","Proposal 4 (BM)",1.96139965479366,0.50984,16.9090294217112,0.05914,3
279,0,1,"Proposal 5 (Y)","Proposal 4 (BM)",1.96139965479366,0.50984,2.53151739152448,0.39502,3
280,1,1,"Proposal 2 (N)","Proposal 4 (BM)",1.96139965479366,0.50984,6.73763643713785,0.14842,3
281,0,1,"Proposal 2 (N)","Proposal 4 (BM)",1.96139965479366,0.50984,6.73763643713785,0.14842,3
282,1,1,"Proposal 5 (Y)","Proposal 2 (BM)",6.13572217449994,0.16298,2.53151739152448,0.39502,3
283,1,0,"Proposal 5 (Y)","Proposal 4 (BM)",1.96139965479366,0.50984,2.53151739152448,0.39502,3
284,1,0,"Proposal 5 (Y)","Proposal 2 (BM)",6.13572217449994,0.16298,2.53151739152448,0.39502,3
285,0,1,"Proposal 2 (N)","Proposal 4 (BM)",1.96139965479366,0.50984,6.73763643713785,0.14842,3
286,1,1,"Proposal 2 (N)","Proposal 4 (BM)",1.96139965479366,0.50984,6.73763643713785,0.14842,3
287,0,1,"Proposal 2 (N)","Proposal 2 (CA)",9.40910801656003,0.10628,6.73763643713785,0.14842,3
288,0,1,"Proposal 1 (Y)","Proposal 4 (BM)",1.96139965479366,0.50984,10.5507491031863,0.09478,3
289,1,1,"Proposal 5 (Y)","Proposal 4 (BM)",1.96139965479366,0.50984,2.53151739152448,0.39502,3
290,1,0,"Proposal 5 (Y)","Proposal 1 (BM)",9.25240562546262,0.10808,2.53151739152448,0.39502,3
291,1,1,"Proposal 5 (Y)","Proposal 4 (BM)",1.96139965479366,0.50984,2.53151739152448,0.39502,3
292,1,1,"Proposal 2 (N)","Proposal 2 (BM)",6.13572217449994,0.16298,6.73763643713785,0.14842,3
293,1,1,"Proposal 3 (Y)","Proposal 2 (BM)",6.13572217449994,0.16298,38.1679389312977,0.0262,3
294,1,1,"Proposal 3 (N)","Proposal 4 (BM)",1.96139965479366,0.50984,8.8809946714032,0.1126,3
295,1,1,"Proposal 5 (Y)","Proposal 4 (BM)",1.96139965479366,0.50984,2.53151739152448,0.39502,3
296,1,1,"Proposal 3 (Y)","Proposal 4 (BM)",1.96139965479366,0.50984,38.1679389312977,0.0262,3
297,1,1,"Proposal 5 (Y)","Proposal 4 (BM)",1.96139965479366,0.50984,2.53151739152448,0.39502,3
298,1,1,"Proposal 4 (Y)","Proposal 4 (BM)",1.96139965479366,0.50984,16.9090294217112,0.05914,3
299,1,1,"Proposal 1 (N)","Proposal 4 (BM)",1.23089042613427,0.81242,21.079258010118,0.04744,4
300,1,1,"Proposal 3 (N)","Proposal 1 (CA)",57.6036866359447,0.01736,6.40368852459016,0.15616,4
301,1,1,"Proposal 1 (Y)","Proposal 4 (BM)",1.23089042613427,0.81242,9.53652489032996,0.10486,4
302,1,0,"Proposal 3 (Y)","Proposal 4 (BM)",1.23089042613427,0.81242,18.86080724255,0.05302,4
303,1,1,"Proposal 5 (Y)","Proposal 4 (CA)",18.491124260355,0.05408,4.82439212659205,0.20728,4
304,1,1,"Proposal 5 (Y)","Proposal 4 (BM)",1.23089042613427,0.81242,4.82439212659205,0.20728,4
305,1,1,"Proposal 2 (Y)","Proposal 4 (BM)",1.23089042613427,0.81242,27.292576419214,0.03664,4
306,1,0,"Proposal 3 (N)","Proposal 4 (BM)",1.23089042613427,0.81242,6.40368852459016,0.15616,4
307,1,1,"Proposal 2 (Y)","Proposal 1 (BM)",65.7894736842105,0.0152,27.292576419214,0.03664,4
308,1,1,"Proposal 5 (Y)","Proposal 4 (BM)",1.23089042613427,0.81242,4.82439212659205,0.20728,4
309,1,1,"Proposal 5 (Y)","Proposal 4 (BM)",1.23089042613427,0.81242,4.82439212659205,0.20728,4
310,1,1,"Proposal 1 (Y)","Proposal 4 (BM)",1.23089042613427,0.81242,9.53652489032996,0.10486,4
311,1,1,"Proposal 5 (N)","Proposal 4 (BM)",1.23089042613427,0.81242,3.04488155410755,0.32842,4
312,1,1,"Proposal 3 (N)","Proposal 4 (BM)",1.23089042613427,0.81242,6.40368852459016,0.15616,4
313,0,1,"Proposal 5 (N)","Proposal 4 (BM)",1.23089042613427,0.81242,3.04488155410755,0.32842,4
314,1,1,"Proposal 2 (Y)","Proposal 4 (BM)",1.23089042613427,0.81242,27.292576419214,0.03664,4
315,1,1,"Proposal 5 (N)","Proposal 4 (BM)",1.23089042613427,0.81242,3.04488155410755,0.32842,4
316,1,1,"Proposal 5 (N)","Proposal 4 (BM)",1.23089042613427,0.81242,3.04488155410755,0.32842,4
317,1,1,"Proposal 5 (N)","Proposal 4 (BM)",1.23089042613427,0.81242,3.04488155410755,0.32842,4
318,1,1,"Proposal 5 (Y)","Proposal 4 (BM)",1.23089042613427,0.81242,4.82439212659205,0.20728,4
319,1,1,"Proposal 4 (Y)","Proposal 4 (BM)",1.23089042613427,0.81242,32.1957501609787,0.03106,4
320,1,1,"Proposal 5 (N)","Proposal 4 (BM)",1.23089042613427,0.81242,3.04488155410755,0.32842,4
321,1,1,"Proposal 5 (N)","Proposal 4 (BM)",1.23089042613427,0.81242,3.04488155410755,0.32842,4
322,1,1,"Proposal 5 (N)","Proposal 4 (BM)",1.23089042613427,0.81242,3.04488155410755,0.32842,4
323,0,1,"Proposal 5 (Y)","Proposal 4 (BM)",1.23089042613427,0.81242,4.82439212659205,0.20728,4
324,1,0,"Proposal 5 (Y)","Proposal 4 (BM)",1.23089042613427,0.81242,4.82439212659205,0.20728,4
325,1,0,"Proposal 4 (N)","Proposal 1 (CA)",57.6036866359447,0.01736,46.8603561387066,0.02134,4
326,1,1,"Proposal 5 (Y)","Proposal 4 (BM)",1.23089042613427,0.81242,4.82439212659205,0.20728,4
327,1,1,"Proposal 3 (N)","Proposal 4 (BM)",1.23089042613427,0.81242,6.40368852459016,0.15616,4
328,0,1,"Proposal 1 (Y)","Proposal 4 (BM)",1.23089042613427,0.81242,9.53652489032996,0.10486,4
329,1,1,"Proposal 5 (Y)","Proposal 4 (BM)",1.23089042613427,0.81242,4.82439212659205,0.20728,4
330,1,1,"Proposal 5 (Y)","Proposal 4 (BM)",1.23089042613427,0.81242,4.82439212659205,0.20728,4
331,1,1,"Proposal 3 (N)","Proposal 4 (BM)",1.23089042613427,0.81242,6.40368852459016,0.15616,4
332,1,1,"Proposal 3 (N)","Proposal 4 (BM)",1.23089042613427,0.81242,6.40368852459016,0.15616,4
333,1,0,"Proposal 5 (N)","Proposal 4 (CA)",18.491124260355,0.05408,3.04488155410755,0.32842,4
334,1,1,"Proposal 1 (Y)","Proposal 4 (BM)",1.23089042613427,0.81242,9.53652489032996,0.10486,4
335,1,1,"Proposal 5 (N)","Proposal 4 (BM)",1.23089042613427,0.81242,3.04488155410755,0.32842,4
336,1,1,"Proposal 1 (Y)","Proposal 4 (BM)",1.23089042613427,0.81242,9.53652489032996,0.10486,4
337,0,1,"Proposal 3 (N)","Proposal 4 (BM)",1.23089042613427,0.81242,6.40368852459016,0.15616,4
338,1,1,"Proposal 5 (N)","Proposal 4 (BM)",1.23089042613427,0.81242,3.04488155410755,0.32842,4
339,0,1,"Proposal 5 (Y)","Proposal 4 (BM)",1.23089042613427,0.81242,4.82439212659205,0.20728,4
340,1,1,"Proposal 5 (N)","Proposal 4 (BM)",1.23089042613427,0.81242,3.04488155410755,0.32842,4
341,1,1,"Proposal 5 (N)","Proposal 4 (BM)",1.23089042613427,0.81242,3.04488155410755,0.32842,4
342,1,1,"Proposal 5 (Y)","Proposal 4 (BM)",1.23089042613427,0.81242,4.82439212659205,0.20728,4
343,1,1,"Proposal 1 (Y)","Proposal 2 (BM)",17.6678445229682,0.0566,9.53652489032996,0.10486,4
344,1,1,"Proposal 1 (Y)","Proposal 4 (BM)",1.23089042613427,0.81242,9.53652489032996,0.10486,4
345,1,1,"Proposal 5 (N)","Proposal 4 (BM)",1.23089042613427,0.81242,3.04488155410755,0.32842,4
346,1,1,"Proposal 1 (N)","Proposal 4 (BM)",1.23089042613427,0.81242,21.079258010118,0.04744,4
347,1,1,"Proposal 5 (Y)","Proposal 4 (BM)",1.23089042613427,0.81242,4.82439212659205,0.20728,4
348,1,1,"Proposal 1 (Y)","Proposal 4 (BM)",1.23089042613427,0.81242,9.53652489032996,0.10486,4
349,1,1,"Proposal 3 (Y)","Proposal 4 (BM)",1.23089042613427,0.81242,18.86080724255,0.05302,4
350,1,1,"Proposal 2 (Y)","Proposal 4 (BM)",1.23089042613427,0.81242,27.292576419214,0.03664,4
351,1,0,"Proposal 1 (Y)","Proposal 4 (BM)",1.23089042613427,0.81242,9.53652489032996,0.10486,4
352,1,1,"Proposal 2 (Y)","Proposal 4 (CA)",18.491124260355,0.05408,27.292576419214,0.03664,4
353,1,1,"Proposal 3 (Y)","Proposal 4 (BM)",1.23089042613427,0.81242,18.86080724255,0.05302,4
354,1,1,"Proposal 5 (Y)","Proposal 4 (CA)",18.491124260355,0.05408,4.82439212659205,0.20728,4
355,1,1,"Proposal 5 (Y)","Proposal 4 (BM)",1.23089042613427,0.81242,4.82439212659205,0.20728,4
356,1,1,"Proposal 5 (Y)","Proposal 4 (BM)",1.23089042613427,0.81242,4.82439212659205,0.20728,4
357,1,1,"Proposal 1 (N)","Proposal 4 (BM)",1.23089042613427,0.81242,21.079258010118,0.04744,4
358,1,1,"Proposal 1 (N)","Proposal 4 (BM)",1.23089042613427,0.81242,21.079258010118,0.04744,4
359,1,1,"Proposal 3 (Y)","Proposal 4 (BM)",1.23089042613427,0.81242,18.86080724255,0.05302,4
360,1,1,"Proposal 1 (Y)","Proposal 4 (BM)",1.23089042613427,0.81242,9.53652489032996,0.10486,4
361,1,0,"Proposal 5 (N)","Proposal 3 (CA)",57.0125427594071,0.01754,3.04488155410755,0.32842,4
362,1,1,"Proposal 5 (N)","Proposal 4 (BM)",1.23089042613427,0.81242,3.04488155410755,0.32842,4
363,1,1,"Proposal 5 (Y)","Proposal 4 (CA)",18.491124260355,0.05408,4.82439212659205,0.20728,4
364,1,1,"Proposal 5 (Y)","Proposal 4 (BM)",1.23089042613427,0.81242,4.82439212659205,0.20728,4
365,1,1,"Proposal 3 (N)","Proposal 4 (BM)",1.23089042613427,0.81242,6.40368852459016,0.15616,4
366,1,1,"Proposal 1 (Y)","Proposal 4 (BM)",1.23089042613427,0.81242,9.53652489032996,0.10486,4
367,1,1,"Proposal 5 (N)","Proposal 4 (BM)",1.23089042613427,0.81242,3.04488155410755,0.32842,4
368,1,1,"Proposal 5 (Y)","Proposal 4 (BM)",1.23089042613427,0.81242,4.82439212659205,0.20728,4
369,1,1,"Proposal 3 (N)","Proposal 4 (BM)",1.23089042613427,0.81242,6.40368852459016,0.15616,4
370,1,1,"Proposal 5 (N)","Proposal 4 (BM)",1.23089042613427,0.81242,3.04488155410755,0.32842,4
371,0,1,"Proposal 1 (Y)","Proposal 4 (BM)",1.23089042613427,0.81242,9.53652489032996,0.10486,4
372,0,1,"Proposal 5 (N)","Proposal 4 (BM)",1.23089042613427,0.81242,3.04488155410755,0.32842,4
373,0,0,"Proposal 5 (Y)","Proposal 2 (CA)",72.6744186046512,0.01376,4.82439212659205,0.20728,4
374,1,1,"Proposal 1 (Y)","Proposal 4 (BM)",1.23089042613427,0.81242,9.53652489032996,0.10486,4
375,1,1,"Proposal 5 (N)","Proposal 4 (BM)",1.23089042613427,0.81242,3.04488155410755,0.32842,4
376,1,1,"Proposal 4 (Y)","Proposal 4 (BM)",1.23089042613427,0.81242,32.1957501609787,0.03106,4
377,1,1,"Proposal 5 (N)","Proposal 4 (BM)",1.23089042613427,0.81242,3.04488155410755,0.32842,4
378,1,1,"Proposal 5 (Y)","Proposal 4 (BM)",1.23089042613427,0.81242,4.82439212659205,0.20728,4
379,1,0,"Proposal 5 (N)","Proposal 1 (BM)",65.7894736842105,0.0152,3.04488155410755,0.32842,4
380,0,1,"Proposal 5 (N)","Proposal 4 (BM)",1.23089042613427,0.81242,3.04488155410755,0.32842,4
381,1,1,"Proposal 5 (N)","Proposal 4 (BM)",1.23089042613427,0.81242,3.04488155410755,0.32842,4
382,1,1,"Proposal 5 (N)","Proposal 1 (BM)",65.7894736842105,0.0152,3.04488155410755,0.32842,4
383,1,1,"Proposal 2 (Y)","Proposal 4 (CA)",18.491124260355,0.05408,27.292576419214,0.03664,4
384,1,1,"Proposal 1 (N)","Proposal 4 (BM)",1.23089042613427,0.81242,21.079258010118,0.04744,4
385,0,1,"Proposal 5 (Y)","Proposal 4 (BM)",1.23089042613427,0.81242,4.82439212659205,0.20728,4
386,1,1,"Proposal 5 (Y)","Proposal 4 (BM)",1.23089042613427,0.81242,4.82439212659205,0.20728,4
387,0,1,"Proposal 5 (N)","Proposal 2 (BM)",17.6678445229682,0.0566,3.04488155410755,0.32842,4
388,1,1,"Proposal 2 (Y)","Proposal 4 (BM)",1.23089042613427,0.81242,27.292576419214,0.03664,4
389,1,1,"Proposal 5 (N)","Proposal 4 (BM)",1.23089042613427,0.81242,3.04488155410755,0.32842,4
390,1,1,"Proposal 5 (Y)","Proposal 4 (BM)",1.23089042613427,0.81242,4.82439212659205,0.20728,4
391,1,1,"Proposal 5 (Y)","Proposal 4 (CA)",18.491124260355,0.05408,4.82439212659205,0.20728,4
392,1,0,"Proposal 3 (N)","Proposal 4 (BM)",1.23089042613427,0.81242,6.40368852459016,0.15616,4
393,1,1,"Proposal 3 (N)","Proposal 4 (BM)",1.23089042613427,0.81242,6.40368852459016,0.15616,4
394,1,1,"Proposal 5 (Y)","Proposal 4 (BM)",1.23089042613427,0.81242,4.82439212659205,0.20728,4
395,1,1,"Proposal 2 (Y)","Proposal 4 (BM)",1.23089042613427,0.81242,27.292576419214,0.03664,4
396,1,1,"Proposal 4 (Y)","Proposal 4 (BM)",1.23089042613427,0.81242,32.1957501609787,0.03106,4
397,1,1,"Proposal 5 (Y)","Proposal 4 (BM)",1.23089042613427,0.81242,4.82439212659205,0.20728,4
398,1,1,"Proposal 1 (N)","Proposal 4 (BM)",1.23089042613427,0.81242,21.079258010118,0.04744,4
399,1,1,"Proposal 1 (N)","Proposal 4 (BM)",1.23089042613427,0.81242,21.079258010118,0.04744,4
400,1,0,"Proposal 5 (Y)","Proposal 4 (BM)",1.14844844614925,0.87074,7.18184429761563,0.13924,5
401,1,1,"Proposal 1 (N)","Proposal 4 (BM)",1.14844844614925,0.87074,7.41179958493922,0.13492,5
402,1,1,"Proposal 5 (Y)","Proposal 4 (BM)",1.14844844614925,0.87074,7.18184429761563,0.13924,5
403,1,1,"Proposal 3 (N)","Proposal 4 (BM)",1.14844844614925,0.87074,4.80353540205591,0.20818,5
404,1,1,"Proposal 2 (Y)","Proposal 4 (BM)",1.14844844614925,0.87074,9.42329438371655,0.10612,5
405,1,1,"Proposal 1 (Y)","Proposal 4 (BM)",1.14844844614925,0.87074,10.8813928182807,0.0919,5
406,0,1,"Proposal 4 (N)","Proposal 4 (BM)",1.14844844614925,0.87074,35.7142857142857,0.028,5
407,1,1,"Proposal 1 (N)","Proposal 4 (BM)",1.14844844614925,0.87074,7.41179958493922,0.13492,5
408,1,1,"Proposal 5 (Y)","Proposal 4 (BM)",1.14844844614925,0.87074,7.18184429761563,0.13924,5
409,1,1,"Proposal 5 (N)","Proposal 2 (BM)",26.9106566200215,0.03716,5.87544065804935,0.1702,5
410,1,1,"Proposal 5 (N)","Proposal 4 (BM)",1.14844844614925,0.87074,5.87544065804935,0.1702,5
411,1,1,"Proposal 1 (Y)","Proposal 4 (BM)",1.14844844614925,0.87074,10.8813928182807,0.0919,5
412,1,1,"Proposal 3 (N)","Proposal 4 (CA)",36.6837857666911,0.02726,4.80353540205591,0.20818,5
413,1,0,"Proposal 1 (N)","Proposal 4 (BM)",1.14844844614925,0.87074,7.41179958493922,0.13492,5
414,0,1,"Proposal 2 (Y)","Proposal 4 (BM)",1.14844844614925,0.87074,9.42329438371655,0.10612,5
415,1,1,"Proposal 1 (Y)","Proposal 4 (BM)",1.14844844614925,0.87074,10.8813928182807,0.0919,5
416,1,1,"Proposal 3 (N)","Proposal 4 (BM)",1.14844844614925,0.87074,4.80353540205591,0.20818,5
417,1,1,"Proposal 1 (N)","Proposal 4 (BM)",1.14844844614925,0.87074,7.41179958493922,0.13492,5
418,1,0,"Proposal 5 (N)","Proposal 4 (BM)",1.14844844614925,0.87074,5.87544065804935,0.1702,5
419,1,1,"Proposal 5 (N)","Proposal 4 (BM)",1.14844844614925,0.87074,5.87544065804935,0.1702,5
420,1,1,"Proposal 3 (Y)","Proposal 4 (BM)",1.14844844614925,0.87074,16.6057788110262,0.06022,5
421,0,1,"Proposal 2 (Y)","Proposal 4 (BM)",1.14844844614925,0.87074,9.42329438371655,0.10612,5
422,1,1,"Proposal 4 (Y)","Proposal 4 (BM)",1.14844844614925,0.87074,20.7641196013289,0.04816,5
423,1,1,"Proposal 1 (N)","Proposal 4 (BM)",1.14844844614925,0.87074,7.41179958493922,0.13492,5
424,1,1,"Proposal 1 (N)","Proposal 4 (BM)",1.14844844614925,0.87074,7.41179958493922,0.13492,5
425,1,1,"Proposal 5 (Y)","Proposal 4 (BM)",1.14844844614925,0.87074,7.18184429761563,0.13924,5
426,1,1,"Proposal 1 (N)","Proposal 4 (BM)",1.14844844614925,0.87074,7.41179958493922,0.13492,5
427,0,0,"Proposal 1 (N)","Proposal 4 (BM)",1.14844844614925,0.87074,7.41179958493922,0.13492,5
428,1,1,"Proposal 1 (Y)","Proposal 4 (BM)",1.14844844614925,0.87074,10.8813928182807,0.0919,5
429,1,1,"Proposal 2 (Y)","Proposal 2 (BM)",26.9106566200215,0.03716,9.42329438371655,0.10612,5
430,0,1,"Proposal 1 (N)","Proposal 3 (CA)",78.8643533123028,0.01268,7.41179958493922,0.13492,5
431,1,1,"Proposal 1 (Y)","Proposal 4 (BM)",1.14844844614925,0.87074,10.8813928182807,0.0919,5
432,1,1,"Proposal 3 (N)","Proposal 4 (BM)",1.14844844614925,0.87074,4.80353540205591,0.20818,5
433,1,1,"Proposal 2 (Y)","Proposal 4 (BM)",1.14844844614925,0.87074,9.42329438371655,0.10612,5
434,0,1,"Proposal 1 (N)","Proposal 4 (BM)",1.14844844614925,0.87074,7.41179958493922,0.13492,5
435,0,1,"Proposal 5 (N)","Proposal 4 (BM)",1.14844844614925,0.87074,5.87544065804935,0.1702,5
436,1,0,"Proposal 2 (N)","Proposal 4 (BM)",1.14844844614925,0.87074,76.5696784073507,0.01306,5
437,1,1,"Proposal 1 (Y)","Proposal 4 (BM)",1.14844844614925,0.87074,10.8813928182807,0.0919,5
438,1,1,"Proposal 1 (Y)","Proposal 4 (BM)",1.14844844614925,0.87074,10.8813928182807,0.0919,5
439,1,1,"Proposal 5 (N)","Proposal 4 (BM)",1.14844844614925,0.87074,5.87544065804935,0.1702,5
440,1,1,"Proposal 1 (Y)","Proposal 4 (BM)",1.14844844614925,0.87074,10.8813928182807,0.0919,5
441,1,1,"Proposal 3 (N)","Proposal 4 (CA)",36.6837857666911,0.02726,4.80353540205591,0.20818,5
442,1,1,"Proposal 4 (Y)","Proposal 4 (CA)",36.6837857666911,0.02726,20.7641196013289,0.04816,5
443,1,1,"Proposal 3 (N)","Proposal 4 (BM)",1.14844844614925,0.87074,4.80353540205591,0.20818,5
444,1,1,"Proposal 4 (Y)","Proposal 4 (BM)",1.14844844614925,0.87074,20.7641196013289,0.04816,5
445,1,1,"Proposal 5 (Y)","Proposal 4 (BM)",1.14844844614925,0.87074,7.18184429761563,0.13924,5
446,1,1,"Proposal 1 (Y)","Proposal 4 (BM)",1.14844844614925,0.87074,10.8813928182807,0.0919,5
447,1,1,"Proposal 2 (Y)","Proposal 4 (CA)",36.6837857666911,0.02726,9.42329438371655,0.10612,5
448,1,0,"Proposal 5 (N)","Proposal 4 (BM)",1.14844844614925,0.87074,5.87544065804935,0.1702,5
449,1,1,"Proposal 3 (Y)","Proposal 4 (BM)",1.14844844614925,0.87074,16.6057788110262,0.06022,5
450,1,1,"Proposal 5 (N)","Proposal 4 (BM)",1.14844844614925,0.87074,5.87544065804935,0.1702,5
451,0,1,"Proposal 1 (N)","Proposal 4 (BM)",1.14844844614925,0.87074,7.41179958493922,0.13492,5
452,0,1,"Proposal 2 (Y)","Proposal 4 (BM)",1.14844844614925,0.87074,9.42329438371655,0.10612,5
453,1,1,"Proposal 2 (Y)","Proposal 4 (BM)",1.14844844614925,0.87074,9.42329438371655,0.10612,5
454,1,1,"Proposal 5 (N)","Proposal 4 (BM)",1.14844844614925,0.87074,5.87544065804935,0.1702,5
455,1,1,"Proposal 2 (Y)","Proposal 1 (CA)",77.7604976671851,0.01286,9.42329438371655,0.10612,5
456,1,1,"Proposal 5 (Y)","Proposal 4 (BM)",1.14844844614925,0.87074,7.18184429761563,0.13924,5
457,1,1,"Proposal 1 (N)","Proposal 4 (BM)",1.14844844614925,0.87074,7.41179958493922,0.13492,5
458,1,1,"Proposal 3 (N)","Proposal 4 (BM)",1.14844844614925,0.87074,4.80353540205591,0.20818,5
459,1,1,"Proposal 2 (N)","Proposal 4 (BM)",1.14844844614925,0.87074,76.5696784073507,0.01306,5
460,0,1,"Proposal 5 (Y)","Proposal 4 (BM)",1.14844844614925,0.87074,7.18184429761563,0.13924,5
461,1,1,"Proposal 3 (N)","Proposal 4 (BM)",1.14844844614925,0.87074,4.80353540205591,0.20818,5
462,1,1,"Proposal 1 (N)","Proposal 4 (BM)",1.14844844614925,0.87074,7.41179958493922,0.13492,5
463,1,1,"Proposal 2 (Y)","Proposal 1 (BM)",74.6268656716418,0.0134,9.42329438371655,0.10612,5
464,1,1,"Proposal 5 (Y)","Proposal 4 (BM)",1.14844844614925,0.87074,7.18184429761563,0.13924,5
465,1,1,"Proposal 3 (N)","Proposal 4 (BM)",1.14844844614925,0.87074,4.80353540205591,0.20818,5
466,1,1,"Proposal 3 (N)","Proposal 4 (BM)",1.14844844614925,0.87074,4.80353540205591,0.20818,5
467,1,1,"Proposal 3 (N)","Proposal 4 (BM)",1.14844844614925,0.87074,4.80353540205591,0.20818,5
468,0,1,"Proposal 5 (Y)","Proposal 4 (BM)",1.14844844614925,0.87074,7.18184429761563,0.13924,5
469,1,1,"Proposal 5 (Y)","Proposal 4 (BM)",1.14844844614925,0.87074,7.18184429761563,0.13924,5
470,1,1,"Proposal 3 (N)","Proposal 4 (BM)",1.14844844614925,0.87074,4.80353540205591,0.20818,5
471,0,0,"Proposal 1 (Y)","Proposal 1 (BM)",74.6268656716418,0.0134,10.8813928182807,0.0919,5
472,0,1,"Proposal 1 (Y)","Proposal 4 (BM)",1.14844844614925,0.87074,10.8813928182807,0.0919,5
473,1,1,"Proposal 2 (Y)","Proposal 4 (BM)",1.14844844614925,0.87074,9.42329438371655,0.10612,5
474,1,1,"Proposal 1 (N)","Proposal 4 (BM)",1.14844844614925,0.87074,7.41179958493922,0.13492,5
475,0,0,"Proposal 3 (N)","Proposal 1 (BM)",74.6268656716418,0.0134,4.80353540205591,0.20818,5
476,1,1,"Proposal 1 (Y)","Proposal 4 (BM)",1.14844844614925,0.87074,10.8813928182807,0.0919,5
477,0,1,"Proposal 5 (N)","Proposal 3 (CA)",78.8643533123028,0.01268,5.87544065804935,0.1702,5
478,1,1,"Proposal 2 (Y)","Proposal 4 (BM)",1.14844844614925,0.87074,9.42329438371655,0.10612,5
479,0,1,"Proposal 3 (N)","Proposal 4 (BM)",1.14844844614925,0.87074,4.80353540205591,0.20818,5
480,1,1,"Proposal 5 (Y)","Proposal 4 (BM)",1.14844844614925,0.87074,7.18184429761563,0.13924,5
481,1,1,"Proposal 3 (N)","Proposal 4 (BM)",1.14844844614925,0.87074,4.80353540205591,0.20818,5
482,1,1,"Proposal 5 (N)","Proposal 4 (BM)",1.14844844614925,0.87074,5.87544065804935,0.1702,5
483,1,1,"Proposal 3 (N)","Proposal 4 (BM)",1.14844844614925,0.87074,4.80353540205591,0.20818,5
484,0,1,"Proposal 5 (Y)","Proposal 4 (BM)",1.14844844614925,0.87074,7.18184429761563,0.13924,5
485,0,1,"Proposal 2 (N)","Proposal 4 (BM)",1.14844844614925,0.87074,76.5696784073507,0.01306,5
486,0,1,"Proposal 1 (Y)","Proposal 4 (BM)",1.14844844614925,0.87074,10.8813928182807,0.0919,5
487,1,1,"Proposal 3 (Y)","Proposal 4 (BM)",1.14844844614925,0.87074,16.6057788110262,0.06022,5
488,1,1,"Proposal 1 (Y)","Proposal 4 (BM)",1.14844844614925,0.87074,10.8813928182807,0.0919,5
489,1,1,"Proposal 1 (Y)","Proposal 4 (BM)",1.14844844614925,0.87074,10.8813928182807,0.0919,5
490,1,1,"Proposal 4 (Y)","Proposal 2 (BM)",26.9106566200215,0.03716,20.7641196013289,0.04816,5
491,1,1,"Proposal 2 (Y)","Proposal 4 (BM)",1.14844844614925,0.87074,9.42329438371655,0.10612,5
492,1,1,"Proposal 2 (N)","Proposal 4 (BM)",1.14844844614925,0.87074,76.5696784073507,0.01306,5
493,0,1,"Proposal 5 (N)","Proposal 4 (BM)",1.14844844614925,0.87074,5.87544065804935,0.1702,5
494,1,1,"Proposal 1 (N)","Proposal 4 (BM)",1.14844844614925,0.87074,7.41179958493922,0.13492,5
495,1,1,"Proposal 5 (N)","Proposal 1 (CA)",77.7604976671851,0.01286,5.87544065804935,0.1702,5
496,1,1,"Proposal 5 (N)","Proposal 4 (BM)",1.14844844614925,0.87074,5.87544065804935,0.1702,5
497,1,1,"Proposal 3 (Y)","Proposal 4 (BM)",1.14844844614925,0.87074,16.6057788110262,0.06022,5
498,1,1,"Proposal 5 (Y)","Proposal 4 (BM)",1.14844844614925,0.87074,7.18184429761563,0.13924,5
499,1,1,"Proposal 1 (N)","Proposal 4 (BM)",1.14844844614925,0.87074,7.41179958493922,0.13492,5
500,1,1,"Proposal 4 (Y)","Proposal 4 (BM)",1.15225958103842,0.86786,8.46166864105602,0.11818,6
501,1,1,"Proposal 3 (N)","Proposal 4 (BM)",1.15225958103842,0.86786,3.58063592093956,0.27928,6
502,0,0,"Proposal 3 (Y)","Proposal 4 (BM)",1.15225958103842,0.86786,7.00967334922193,0.14266,6
503,1,1,"Proposal 5 (N)","Proposal 4 (BM)",1.15225958103842,0.86786,8.85269121813031,0.11296,6
504,1,1,"Proposal 3 (Y)","Proposal 4 (BM)",1.15225958103842,0.86786,7.00967334922193,0.14266,6
505,1,1,"Proposal 3 (N)","Proposal 4 (BM)",1.15225958103842,0.86786,3.58063592093956,0.27928,6
506,1,1,"Proposal 5 (N)","Proposal 4 (BM)",1.15225958103842,0.86786,8.85269121813031,0.11296,6
507,1,1,"Proposal 3 (Y)","Proposal 4 (BM)",1.15225958103842,0.86786,7.00967334922193,0.14266,6
508,1,1,"Proposal 1 (N)","Proposal 4 (BM)",1.15225958103842,0.86786,19.0548780487805,0.05248,6
509,1,1,"Proposal 1 (Y)","Proposal 4 (BM)",1.15225958103842,0.86786,13.9742873113471,0.07156,6
510,1,1,"Proposal 3 (N)","Proposal 1 (BM)",80,0.0125,3.58063592093956,0.27928,6
511,1,1,"Proposal 5 (N)","Proposal 2 (BM)",25.6673511293634,0.03896,8.85269121813031,0.11296,6
512,1,1,"Proposal 3 (Y)","Proposal 4 (BM)",1.15225958103842,0.86786,7.00967334922193,0.14266,6
513,1,1,"Proposal 1 (Y)","Proposal 4 (BM)",1.15225958103842,0.86786,13.9742873113471,0.07156,6
514,1,1,"Proposal 3 (N)","Proposal 4 (BM)",1.15225958103842,0.86786,3.58063592093956,0.27928,6
515,1,1,"Proposal 3 (Y)","Proposal 4 (BM)",1.15225958103842,0.86786,7.00967334922193,0.14266,6
516,0,1,"Proposal 1 (N)","Proposal 4 (BM)",1.15225958103842,0.86786,19.0548780487805,0.05248,6
517,1,1,"Proposal 5 (Y)","Proposal 4 (BM)",1.15225958103842,0.86786,7.89639924194567,0.12664,6
518,1,1,"Proposal 4 (Y)","Proposal 4 (BM)",1.15225958103842,0.86786,8.46166864105602,0.11818,6
519,1,1,"Proposal 4 (Y)","Proposal 4 (BM)",1.15225958103842,0.86786,8.46166864105602,0.11818,6
520,1,1,"Proposal 5 (Y)","Proposal 4 (BM)",1.15225958103842,0.86786,7.89639924194567,0.12664,6
521,1,1,"Proposal 2 (Y)","Proposal 4 (BM)",1.15225958103842,0.86786,15.3657037492317,0.06508,6
522,1,1,"Proposal 4 (Y)","Proposal 4 (BM)",1.15225958103842,0.86786,8.46166864105602,0.11818,6
523,1,1,"Proposal 1 (Y)","Proposal 4 (BM)",1.15225958103842,0.86786,13.9742873113471,0.07156,6
524,1,1,"Proposal 3 (N)","Proposal 4 (BM)",1.15225958103842,0.86786,3.58063592093956,0.27928,6
525,1,1,"Proposal 5 (Y)","Proposal 4 (BM)",1.15225958103842,0.86786,7.89639924194567,0.12664,6
526,1,1,"Proposal 1 (Y)","Proposal 4 (BM)",1.15225958103842,0.86786,13.9742873113471,0.07156,6
527,1,1,"Proposal 5 (N)","Proposal 4 (BM)",1.15225958103842,0.86786,8.85269121813031,0.11296,6
528,1,1,"Proposal 1 (Y)","Proposal 4 (BM)",1.15225958103842,0.86786,13.9742873113471,0.07156,6
529,1,1,"Proposal 5 (Y)","Proposal 1 (CA)",73.6377025036819,0.01358,7.89639924194567,0.12664,6
530,1,1,"Proposal 5 (N)","Proposal 4 (BM)",1.15225958103842,0.86786,8.85269121813031,0.11296,6
531,1,1,"Proposal 3 (N)","Proposal 4 (BM)",1.15225958103842,0.86786,3.58063592093956,0.27928,6
532,1,1,"Proposal 3 (N)","Proposal 4 (BM)",1.15225958103842,0.86786,3.58063592093956,0.27928,6
533,1,1,"Proposal 5 (N)","Proposal 4 (BM)",1.15225958103842,0.86786,8.85269121813031,0.11296,6
534,0,1,"Proposal 2 (Y)","Proposal 4 (BM)",1.15225958103842,0.86786,15.3657037492317,0.06508,6
535,1,1,"Proposal 3 (N)","Proposal 4 (BM)",1.15225958103842,0.86786,3.58063592093956,0.27928,6
536,0,1,"Proposal 2 (N)","Proposal 4 (BM)",1.15225958103842,0.86786,68.9655172413793,0.0145,6
537,1,1,"Proposal 4 (Y)","Proposal 4 (BM)",1.15225958103842,0.86786,8.46166864105602,0.11818,6
538,1,0,"Proposal 5 (Y)","Proposal 4 (BM)",1.15225958103842,0.86786,7.89639924194567,0.12664,6
539,1,1,"Proposal 3 (N)","Proposal 4 (BM)",1.15225958103842,0.86786,3.58063592093956,0.27928,6
540,1,1,"Proposal 5 (N)","Proposal 4 (BM)",1.15225958103842,0.86786,8.85269121813031,0.11296,6
541,1,1,"Proposal 3 (Y)","Proposal 4 (BM)",1.15225958103842,0.86786,7.00967334922193,0.14266,6
542,1,0,"Proposal 5 (Y)","Proposal 4 (BM)",1.15225958103842,0.86786,7.89639924194567,0.12664,6
543,1,1,"Proposal 3 (N)","Proposal 4 (BM)",1.15225958103842,0.86786,3.58063592093956,0.27928,6
544,1,1,"Proposal 3 (Y)","Proposal 4 (BM)",1.15225958103842,0.86786,7.00967334922193,0.14266,6
545,1,0,"Proposal 4 (N)","Proposal 4 (BM)",1.15225958103842,0.86786,60.0240096038415,0.01666,6
546,1,1,"Proposal 3 (Y)","Proposal 4 (BM)",1.15225958103842,0.86786,7.00967334922193,0.14266,6
547,0,1,"Proposal 5 (Y)","Proposal 4 (BM)",1.15225958103842,0.86786,7.89639924194567,0.12664,6
548,1,1,"Proposal 3 (Y)","Proposal 4 (BM)",1.15225958103842,0.86786,7.00967334922193,0.14266,6
549,1,1,"Proposal 2 (Y)","Proposal 1 (CA)",73.6377025036819,0.01358,15.3657037492317,0.06508,6
550,1,1,"Proposal 1 (Y)","Proposal 4 (BM)",1.15225958103842,0.86786,13.9742873113471,0.07156,6
551,0,1,"Proposal 5 (Y)","Proposal 4 (BM)",1.15225958103842,0.86786,7.89639924194567,0.12664,6
552,0,1,"Proposal 3 (Y)","Proposal 4 (BM)",1.15225958103842,0.86786,7.00967334922193,0.14266,6
553,1,1,"Proposal 4 (Y)","Proposal 4 (BM)",1.15225958103842,0.86786,8.46166864105602,0.11818,6
554,1,1,"Proposal 3 (N)","Proposal 4 (BM)",1.15225958103842,0.86786,3.58063592093956,0.27928,6
555,1,1,"Proposal 1 (Y)","Proposal 4 (BM)",1.15225958103842,0.86786,13.9742873113471,0.07156,6
556,1,1,"Proposal 3 (N)","Proposal 4 (BM)",1.15225958103842,0.86786,3.58063592093956,0.27928,6
557,1,1,"Proposal 5 (Y)","Proposal 4 (BM)",1.15225958103842,0.86786,7.89639924194567,0.12664,6
558,1,1,"Proposal 5 (N)","Proposal 4 (BM)",1.15225958103842,0.86786,8.85269121813031,0.11296,6
559,1,1,"Proposal 3 (N)","Proposal 4 (CA)",35.0631136044881,0.02852,3.58063592093956,0.27928,6
560,1,0,"Proposal 5 (Y)","Proposal 4 (BM)",1.15225958103842,0.86786,7.89639924194567,0.12664,6
561,1,1,"Proposal 1 (Y)","Proposal 4 (BM)",1.15225958103842,0.86786,13.9742873113471,0.07156,6
562,0,1,"Proposal 3 (Y)","Proposal 4 (BM)",1.15225958103842,0.86786,7.00967334922193,0.14266,6
563,1,1,"Proposal 4 (Y)","Proposal 4 (BM)",1.15225958103842,0.86786,8.46166864105602,0.11818,6
564,0,1,"Proposal 3 (N)","Proposal 4 (BM)",1.15225958103842,0.86786,3.58063592093956,0.27928,6
565,0,1,"Proposal 4 (Y)","Proposal 4 (BM)",1.15225958103842,0.86786,8.46166864105602,0.11818,6
566,1,1,"Proposal 3 (N)","Proposal 4 (BM)",1.15225958103842,0.86786,3.58063592093956,0.27928,6
567,1,1,"Proposal 3 (N)","Proposal 4 (BM)",1.15225958103842,0.86786,3.58063592093956,0.27928,6
568,0,1,"Proposal 5 (Y)","Proposal 4 (BM)",1.15225958103842,0.86786,7.89639924194567,0.12664,6
569,1,1,"Proposal 2 (Y)","Proposal 4 (CA)",35.0631136044881,0.02852,15.3657037492317,0.06508,6
570,1,1,"Proposal 5 (Y)","Proposal 4 (BM)",1.15225958103842,0.86786,7.89639924194567,0.12664,6
571,1,0,"Proposal 1 (Y)","Proposal 3 (CA)",74.6268656716418,0.0134,13.9742873113471,0.07156,6
572,1,1,"Proposal 3 (N)","Proposal 4 (BM)",1.15225958103842,0.86786,3.58063592093956,0.27928,6
573,1,1,"Proposal 5 (Y)","Proposal 4 (BM)",1.15225958103842,0.86786,7.89639924194567,0.12664,6
574,0,1,"Proposal 1 (N)","Proposal 4 (BM)",1.15225958103842,0.86786,19.0548780487805,0.05248,6
575,1,1,"Proposal 3 (Y)","Proposal 4 (BM)",1.15225958103842,0.86786,7.00967334922193,0.14266,6
576,1,1,"Proposal 3 (Y)","Proposal 4 (BM)",1.15225958103842,0.86786,7.00967334922193,0.14266,6
577,1,1,"Proposal 3 (Y)","Proposal 4 (BM)",1.15225958103842,0.86786,7.00967334922193,0.14266,6
578,1,1,"Proposal 5 (N)","Proposal 4 (BM)",1.15225958103842,0.86786,8.85269121813031,0.11296,6
579,1,1,"Proposal 3 (Y)","Proposal 4 (BM)",1.15225958103842,0.86786,7.00967334922193,0.14266,6
580,1,1,"Proposal 3 (Y)","Proposal 4 (BM)",1.15225958103842,0.86786,7.00967334922193,0.14266,6
581,0,1,"Proposal 1 (N)","Proposal 4 (BM)",1.15225958103842,0.86786,19.0548780487805,0.05248,6
582,1,1,"Proposal 5 (Y)","Proposal 4 (BM)",1.15225958103842,0.86786,7.89639924194567,0.12664,6
583,1,0,"Proposal 3 (N)","Proposal 4 (BM)",1.15225958103842,0.86786,3.58063592093956,0.27928,6
584,0,1,"Proposal 1 (N)","Proposal 4 (BM)",1.15225958103842,0.86786,19.0548780487805,0.05248,6
585,0,1,"Proposal 1 (N)","Proposal 4 (BM)",1.15225958103842,0.86786,19.0548780487805,0.05248,6
586,1,1,"Proposal 3 (N)","Proposal 4 (BM)",1.15225958103842,0.86786,3.58063592093956,0.27928,6
587,1,1,"Proposal 3 (N)","Proposal 4 (BM)",1.15225958103842,0.86786,3.58063592093956,0.27928,6
588,1,1,"Proposal 1 (Y)","Proposal 4 (BM)",1.15225958103842,0.86786,13.9742873113471,0.07156,6
589,0,1,"Proposal 1 (Y)","Proposal 4 (BM)",1.15225958103842,0.86786,13.9742873113471,0.07156,6
590,0,1,"Proposal 3 (N)","Proposal 4 (BM)",1.15225958103842,0.86786,3.58063592093956,0.27928,6
591,1,1,"Proposal 1 (Y)","Proposal 2 (BM)",25.6673511293634,0.03896,13.9742873113471,0.07156,6
592,0,1,"Proposal 3 (Y)","Proposal 4 (BM)",1.15225958103842,0.86786,7.00967334922193,0.14266,6
593,1,1,"Proposal 5 (N)","Proposal 4 (BM)",1.15225958103842,0.86786,8.85269121813031,0.11296,6
594,1,1,"Proposal 5 (Y)","Proposal 4 (BM)",1.15225958103842,0.86786,7.89639924194567,0.12664,6
595,0,1,"Proposal 3 (Y)","Proposal 4 (BM)",1.15225958103842,0.86786,7.00967334922193,0.14266,6
596,1,1,"Proposal 2 (Y)","Proposal 4 (BM)",1.15225958103842,0.86786,15.3657037492317,0.06508,6
597,1,1,"Proposal 1 (Y)","Proposal 4 (BM)",1.15225958103842,0.86786,13.9742873113471,0.07156,6
598,1,1,"Proposal 4 (Y)","Proposal 4 (BM)",1.15225958103842,0.86786,8.46166864105602,0.11818,6
599,1,1,"Proposal 5 (Y)","Proposal 4 (BM)",1.15225958103842,0.86786,7.89639924194567,0.12664,6
600,1,1,"Proposal 5 (Y)","Proposal 4 (BM)",1.15225958103842,0.86786,12.1684108055488,0.08218,7
601,1,1,"Proposal 5 (Y)","Proposal 4 (BM)",1.15225958103842,0.86786,12.1684108055488,0.08218,7
602,1,1,"Proposal 4 (Y)","Proposal 4 (BM)",1.15225958103842,0.86786,7.55287009063444,0.1324,7
603,1,1,"Proposal 5 (N)","Proposal 4 (BM)",1.15225958103842,0.86786,4.72589792060491,0.2116,7
604,0,1,"Proposal 3 (N)","Proposal 4 (BM)",1.15225958103842,0.86786,3.02663438256659,0.3304,7
605,1,1,"Proposal 3 (N)","Proposal 4 (BM)",1.15225958103842,0.86786,3.02663438256659,0.3304,7
606,1,1,"Proposal 5 (Y)","Proposal 4 (BM)",1.15225958103842,0.86786,12.1684108055488,0.08218,7
607,1,1,"Proposal 4 (N)","Proposal 4 (BM)",1.15225958103842,0.86786,51.6528925619835,0.01936,7
608,0,1,"Proposal 3 (N)","Proposal 4 (BM)",1.15225958103842,0.86786,3.02663438256659,0.3304,7
609,1,1,"Proposal 3 (N)","Proposal 4 (BM)",1.15225958103842,0.86786,3.02663438256659,0.3304,7
610,1,1,"Proposal 4 (Y)","Proposal 4 (BM)",1.15225958103842,0.86786,7.55287009063444,0.1324,7
611,1,1,"Proposal 3 (N)","Proposal 4 (BM)",1.15225958103842,0.86786,3.02663438256659,0.3304,7
612,0,1,"Proposal 4 (Y)","Proposal 4 (BM)",1.15225958103842,0.86786,7.55287009063444,0.1324,7
613,1,0,"Proposal 3 (N)","Proposal 4 (BM)",1.15225958103842,0.86786,3.02663438256659,0.3304,7
614,1,1,"Proposal 3 (N)","Proposal 4 (BM)",1.15225958103842,0.86786,3.02663438256659,0.3304,7
615,1,1,"Proposal 5 (Y)","Proposal 4 (BM)",1.15225958103842,0.86786,12.1684108055488,0.08218,7
616,0,1,"Proposal 2 (Y)","Proposal 4 (BM)",1.15225958103842,0.86786,20.2347227842979,0.04942,7
617,1,1,"Proposal 3 (N)","Proposal 4 (BM)",1.15225958103842,0.86786,3.02663438256659,0.3304,7
618,1,1,"Proposal 5 (N)","Proposal 4 (BM)",1.15225958103842,0.86786,4.72589792060491,0.2116,7
619,1,1,"Proposal 1 (Y)","Proposal 1 (BM)",78.8643533123028,0.01268,9.09918107370337,0.1099,7
620,1,0,"Proposal 3 (N)","Proposal 1 (CA)",71.7360114777618,0.01394,3.02663438256659,0.3304,7
621,1,1,"Proposal 5 (N)","Proposal 4 (BM)",1.15225958103842,0.86786,4.72589792060491,0.2116,7
622,1,1,"Proposal 5 (N)","Proposal 2 (BM)",24.2130750605327,0.0413,4.72589792060491,0.2116,7
623,1,1,"Proposal 3 (N)","Proposal 4 (BM)",1.15225958103842,0.86786,3.02663438256659,0.3304,7
624,1,0,"Proposal 5 (Y)","Proposal 4 (BM)",1.15225958103842,0.86786,12.1684108055488,0.08218,7
625,1,1,"Proposal 5 (Y)","Proposal 4 (BM)",1.15225958103842,0.86786,12.1684108055488,0.08218,7
626,1,1,"Proposal 4 (Y)","Proposal 1 (CA)",71.7360114777618,0.01394,7.55287009063444,0.1324,7
627,1,1,"Proposal 2 (Y)","Proposal 4 (BM)",1.15225958103842,0.86786,20.2347227842979,0.04942,7
628,1,1,"Proposal 4 (Y)","Proposal 4 (BM)",1.15225958103842,0.86786,7.55287009063444,0.1324,7
629,1,1,"Proposal 1 (Y)","Proposal 4 (BM)",1.15225958103842,0.86786,9.09918107370337,0.1099,7
630,1,1,"Proposal 3 (N)","Proposal 4 (BM)",1.15225958103842,0.86786,3.02663438256659,0.3304,7
631,1,0,"Proposal 3 (N)","Proposal 4 (BM)",1.15225958103842,0.86786,3.02663438256659,0.3304,7
632,1,1,"Proposal 3 (N)","Proposal 4 (BM)",1.15225958103842,0.86786,3.02663438256659,0.3304,7
633,1,1,"Proposal 5 (Y)","Proposal 3 (BM)",78.8643533123028,0.01268,12.1684108055488,0.08218,7
634,1,0,"Proposal 1 (Y)","Proposal 4 (BM)",1.15225958103842,0.86786,9.09918107370337,0.1099,7
635,1,1,"Proposal 5 (N)","Proposal 4 (BM)",1.15225958103842,0.86786,4.72589792060491,0.2116,7
636,1,1,"Proposal 5 (N)","Proposal 1 (BM)",78.8643533123028,0.01268,4.72589792060491,0.2116,7
637,1,1,"Proposal 3 (N)","Proposal 4 (BM)",1.15225958103842,0.86786,3.02663438256659,0.3304,7
638,1,1,"Proposal 5 (N)","Proposal 4 (BM)",1.15225958103842,0.86786,4.72589792060491,0.2116,7
639,1,1,"Proposal 3 (N)","Proposal 4 (BM)",1.15225958103842,0.86786,3.02663438256659,0.3304,7
640,1,0,"Proposal 3 (N)","Proposal 4 (BM)",1.15225958103842,0.86786,3.02663438256659,0.3304,7
641,1,0,"Proposal 3 (N)","Proposal 4 (BM)",1.15225958103842,0.86786,3.02663438256659,0.3304,7
642,1,1,"Proposal 5 (N)","Proposal 4 (BM)",1.15225958103842,0.86786,4.72589792060491,0.2116,7
643,1,1,"Proposal 3 (N)","Proposal 4 (BM)",1.15225958103842,0.86786,3.02663438256659,0.3304,7
644,1,1,"Proposal 3 (N)","Proposal 4 (BM)",1.15225958103842,0.86786,3.02663438256659,0.3304,7
645,0,0,"Proposal 3 (N)","Proposal 2 (CA)",80,0.0125,3.02663438256659,0.3304,7
646,1,1,"Proposal 3 (Y)","Proposal 4 (BM)",1.15225958103842,0.86786,23.191094619666,0.04312,7
647,1,1,"Proposal 5 (Y)","Proposal 4 (BM)",1.15225958103842,0.86786,12.1684108055488,0.08218,7
648,0,1,"Proposal 3 (N)","Proposal 4 (BM)",1.15225958103842,0.86786,3.02663438256659,0.3304,7
649,0,1,"Proposal 1 (Y)","Proposal 4 (BM)",1.15225958103842,0.86786,9.09918107370337,0.1099,7
650,1,1,"Proposal 1 (Y)","Proposal 4 (BM)",1.15225958103842,0.86786,9.09918107370337,0.1099,7
651,0,1,"Proposal 3 (N)","Proposal 4 (BM)",1.15225958103842,0.86786,3.02663438256659,0.3304,7
652,0,1,"Proposal 5 (Y)","Proposal 4 (BM)",1.15225958103842,0.86786,12.1684108055488,0.08218,7
653,1,1,"Proposal 4 (Y)","Proposal 4 (BM)",1.15225958103842,0.86786,7.55287009063444,0.1324,7
654,1,1,"Proposal 3 (N)","Proposal 4 (BM)",1.15225958103842,0.86786,3.02663438256659,0.3304,7
655,1,1,"Proposal 3 (N)","Proposal 4 (BM)",1.15225958103842,0.86786,3.02663438256659,0.3304,7
656,1,1,"Proposal 3 (Y)","Proposal 4 (BM)",1.15225958103842,0.86786,23.191094619666,0.04312,7
657,1,1,"Proposal 1 (Y)","Proposal 4 (CA)",37.9362670713202,0.02636,9.09918107370337,0.1099,7
658,1,1,"Proposal 5 (N)","Proposal 4 (BM)",1.15225958103842,0.86786,4.72589792060491,0.2116,7
659,1,1,"Proposal 3 (N)","Proposal 4 (BM)",1.15225958103842,0.86786,3.02663438256659,0.3304,7
660,0,1,"Proposal 1 (Y)","Proposal 4 (BM)",1.15225958103842,0.86786,9.09918107370337,0.1099,7
661,1,1,"Proposal 4 (N)","Proposal 4 (BM)",1.15225958103842,0.86786,51.6528925619835,0.01936,7
662,0,0,"Proposal 5 (N)","Proposal 4 (BM)",1.15225958103842,0.86786,4.72589792060491,0.2116,7
663,1,1,"Proposal 5 (N)","Proposal 4 (BM)",1.15225958103842,0.86786,4.72589792060491,0.2116,7
664,1,1,"Proposal 3 (N)","Proposal 4 (BM)",1.15225958103842,0.86786,3.02663438256659,0.3304,7
665,1,1,"Proposal 5 (Y)","Proposal 4 (BM)",1.15225958103842,0.86786,12.1684108055488,0.08218,7
666,1,1,"Proposal 5 (Y)","Proposal 4 (BM)",1.15225958103842,0.86786,12.1684108055488,0.08218,7
667,1,1,"Proposal 5 (Y)","Proposal 4 (BM)",1.15225958103842,0.86786,12.1684108055488,0.08218,7
668,1,1,"Proposal 5 (N)","Proposal 4 (BM)",1.15225958103842,0.86786,4.72589792060491,0.2116,7
669,1,1,"Proposal 1 (Y)","Proposal 4 (BM)",1.15225958103842,0.86786,9.09918107370337,0.1099,7
670,1,1,"Proposal 2 (Y)","Proposal 4 (BM)",1.15225958103842,0.86786,20.2347227842979,0.04942,7
671,1,1,"Proposal 1 (Y)","Proposal 4 (BM)",1.15225958103842,0.86786,9.09918107370337,0.1099,7
672,1,1,"Proposal 5 (Y)","Proposal 4 (BM)",1.15225958103842,0.86786,12.1684108055488,0.08218,7
673,1,1,"Proposal 5 (Y)","Proposal 4 (BM)",1.15225958103842,0.86786,12.1684108055488,0.08218,7
674,1,1,"Proposal 3 (N)","Proposal 4 (BM)",1.15225958103842,0.86786,3.02663438256659,0.3304,7
675,1,1,"Proposal 3 (N)","Proposal 4 (BM)",1.15225958103842,0.86786,3.02663438256659,0.3304,7
676,0,1,"Proposal 3 (N)","Proposal 4 (BM)",1.15225958103842,0.86786,3.02663438256659,0.3304,7
677,1,1,"Proposal 2 (Y)","Proposal 4 (BM)",1.15225958103842,0.86786,20.2347227842979,0.04942,7
678,1,1,"Proposal 4 (Y)","Proposal 4 (BM)",1.15225958103842,0.86786,7.55287009063444,0.1324,7
679,1,1,"Proposal 4 (N)","Proposal 4 (BM)",1.15225958103842,0.86786,51.6528925619835,0.01936,7
680,1,1,"Proposal 5 (N)","Proposal 4 (BM)",1.15225958103842,0.86786,4.72589792060491,0.2116,7
681,1,0,"Proposal 3 (Y)","Proposal 4 (BM)",1.15225958103842,0.86786,23.191094619666,0.04312,7
682,1,0,"Proposal 5 (N)","Proposal 3 (BM)",78.8643533123028,0.01268,4.72589792060491,0.2116,7
683,1,1,"Proposal 3 (N)","Proposal 4 (BM)",1.15225958103842,0.86786,3.02663438256659,0.3304,7
684,1,0,"Proposal 5 (N)","Proposal 4 (BM)",1.15225958103842,0.86786,4.72589792060491,0.2116,7
685,1,1,"Proposal 4 (Y)","Proposal 4 (BM)",1.15225958103842,0.86786,7.55287009063444,0.1324,7
686,1,1,"Proposal 5 (N)","Proposal 4 (BM)",1.15225958103842,0.86786,4.72589792060491,0.2116,7
687,1,1,"Proposal 5 (N)","Proposal 4 (BM)",1.15225958103842,0.86786,4.72589792060491,0.2116,7
688,1,0,"Proposal 4 (Y)","Proposal 4 (BM)",1.15225958103842,0.86786,7.55287009063444,0.1324,7
689,0,1,"Proposal 1 (Y)","Proposal 4 (BM)",1.15225958103842,0.86786,9.09918107370337,0.1099,7
690,1,1,"Proposal 4 (Y)","Proposal 4 (BM)",1.15225958103842,0.86786,7.55287009063444,0.1324,7
691,1,1,"Proposal 4 (Y)","Proposal 4 (BM)",1.15225958103842,0.86786,7.55287009063444,0.1324,7
692,1,1,"Proposal 3 (N)","Proposal 4 (BM)",1.15225958103842,0.86786,3.02663438256659,0.3304,7
693,1,1,"Proposal 1 (Y)","Proposal 4 (BM)",1.15225958103842,0.86786,9.09918107370337,0.1099,7
694,1,1,"Proposal 4 (Y)","Proposal 4 (BM)",1.15225958103842,0.86786,7.55287009063444,0.1324,7
695,1,1,"Proposal 3 (N)","Proposal 4 (BM)",1.15225958103842,0.86786,3.02663438256659,0.3304,7
696,1,1,"Proposal 4 (Y)","Proposal 4 (BM)",1.15225958103842,0.86786,7.55287009063444,0.1324,7
697,1,1,"Proposal 3 (N)","Proposal 4 (BM)",1.15225958103842,0.86786,3.02663438256659,0.3304,7
698,1,0,"Proposal 5 (Y)","Proposal 4 (BM)",1.15225958103842,0.86786,12.1684108055488,0.08218,7
699,1,1,"Proposal 1 (Y)","Proposal 4 (BM)",1.15225958103842,0.86786,9.09918107370337,0.1099,7
700,0,0,"Proposal 5 (N)","Proposal 4 (BM)",1.18900409017407,0.84104,2.9385836027035,0.3403,8
701,1,1,"Proposal 4 (Y)","Proposal 4 (BM)",1.18900409017407,0.84104,4.9667229561935,0.20134,8
702,1,1,"Proposal 3 (Y)","Proposal 4 (BM)",1.18900409017407,0.84104,20.6100577081616,0.04852,8
703,1,0,"Proposal 5 (N)","Proposal 1 (BM)",76.6871165644172,0.01304,2.9385836027035,0.3403,8
704,1,1,"Proposal 5 (N)","Proposal 4 (BM)",1.18900409017407,0.84104,2.9385836027035,0.3403,8
705,1,1,"Proposal 5 (N)","Proposal 4 (BM)",1.18900409017407,0.84104,2.9385836027035,0.3403,8
706,1,1,"Proposal 3 (N)","Proposal 4 (BM)",1.18900409017407,0.84104,6.9309675630718,0.14428,8
707,0,1,"Proposal 5 (N)","Proposal 4 (BM)",1.18900409017407,0.84104,2.9385836027035,0.3403,8
708,1,1,"Proposal 5 (N)","Proposal 4 (BM)",1.18900409017407,0.84104,2.9385836027035,0.3403,8
709,0,1,"Proposal 5 (N)","Proposal 4 (BM)",1.18900409017407,0.84104,2.9385836027035,0.3403,8
710,0,1,"Proposal 5 (N)","Proposal 4 (BM)",1.18900409017407,0.84104,2.9385836027035,0.3403,8
711,1,1,"Proposal 5 (Y)","Proposal 4 (BM)",1.18900409017407,0.84104,8.70019140421089,0.11494,8
712,1,0,"Proposal 1 (Y)","Proposal 2 (BM)",16.914749661705,0.05912,18.1818181818182,0.055,8
713,1,1,"Proposal 5 (N)","Proposal 3 (BM)",80,0.0125,2.9385836027035,0.3403,8
714,1,1,"Proposal 5 (N)","Proposal 4 (BM)",1.18900409017407,0.84104,2.9385836027035,0.3403,8
715,1,1,"Proposal 4 (Y)","Proposal 4 (BM)",1.18900409017407,0.84104,4.9667229561935,0.20134,8
716,1,0,"Proposal 5 (Y)","Proposal 2 (BM)",16.914749661705,0.05912,8.70019140421089,0.11494,8
717,0,1,"Proposal 5 (N)","Proposal 4 (BM)",1.14844844614925,0.87074,5.87544065804935,0.1702,5
718,1,1,"Proposal 5 (Y)","Proposal 4 (BM)",1.18900409017407,0.84104,8.70019140421089,0.11494,8
719,1,1,"Proposal 5 (Y)","Proposal 4 (BM)",1.18900409017407,0.84104,8.70019140421089,0.11494,8
720,0,1,"Proposal 3 (Y)","Proposal 4 (BM)",1.18900409017407,0.84104,20.6100577081616,0.04852,8
721,1,1,"Proposal 5 (N)","Proposal 4 (BM)",1.18900409017407,0.84104,2.9385836027035,0.3403,8
722,1,1,"Proposal 5 (N)","Proposal 4 (BM)",1.18900409017407,0.84104,2.9385836027035,0.3403,8
723,0,1,"Proposal 3 (N)","Proposal 4 (BM)",1.18900409017407,0.84104,6.9309675630718,0.14428,8
724,1,1,"Proposal 4 (Y)","Proposal 4 (BM)",1.18900409017407,0.84104,4.9667229561935,0.20134,8
725,1,1,"Proposal 5 (Y)","Proposal 4 (BM)",1.18900409017407,0.84104,8.70019140421089,0.11494,8
726,1,1,"Proposal 5 (Y)","Proposal 4 (BM)",1.18900409017407,0.84104,8.70019140421089,0.11494,8
727,1,1,"Proposal 5 (Y)","Proposal 1 (BM)",76.6871165644172,0.01304,8.70019140421089,0.11494,8
728,1,1,"Proposal 5 (Y)","Proposal 4 (BM)",1.18900409017407,0.84104,8.70019140421089,0.11494,8
729,1,1,"Proposal 5 (N)","Proposal 4 (BM)",1.18900409017407,0.84104,2.9385836027035,0.3403,8
730,1,1,"Proposal 3 (N)","Proposal 4 (BM)",1.18900409017407,0.84104,6.9309675630718,0.14428,8
731,1,1,"Proposal 5 (N)","Proposal 4 (BM)",1.18900409017407,0.84104,2.9385836027035,0.3403,8
732,1,1,"Proposal 5 (N)","Proposal 4 (BM)",1.18900409017407,0.84104,2.9385836027035,0.3403,8
733,0,1,"Proposal 5 (N)","Proposal 4 (BM)",1.18900409017407,0.84104,2.9385836027035,0.3403,8
734,0,1,"Proposal 4 (Y)","Proposal 4 (BM)",1.18900409017407,0.84104,4.9667229561935,0.20134,8
735,1,1,"Proposal 5 (Y)","Proposal 4 (BM)",1.18900409017407,0.84104,8.70019140421089,0.11494,8
736,0,1,"Proposal 5 (Y)","Proposal 4 (BM)",1.18900409017407,0.84104,8.70019140421089,0.11494,8
737,1,1,"Proposal 5 (Y)","Proposal 4 (BM)",1.18900409017407,0.84104,8.70019140421089,0.11494,8
738,0,1,"Proposal 1 (Y)","Proposal 4 (BM)",1.18900409017407,0.84104,18.1818181818182,0.055,8
739,1,1,"Proposal 5 (N)","Proposal 4 (BM)",1.18900409017407,0.84104,2.9385836027035,0.3403,8
740,1,1,"Proposal 4 (Y)","Proposal 4 (BM)",1.18900409017407,0.84104,4.9667229561935,0.20134,8
741,0,1,"Proposal 5 (N)","Proposal 4 (BM)",1.18900409017407,0.84104,2.9385836027035,0.3403,8
742,1,1,"Proposal 3 (N)","Proposal 4 (BM)",1.18900409017407,0.84104,6.9309675630718,0.14428,8
743,1,1,"Proposal 3 (Y)","Proposal 4 (BM)",1.18900409017407,0.84104,20.6100577081616,0.04852,8
744,1,1,"Proposal 3 (Y)","Proposal 4 (BM)",1.18900409017407,0.84104,20.6100577081616,0.04852,8
745,1,1,"Proposal 4 (Y)","Proposal 4 (BM)",1.18900409017407,0.84104,4.9667229561935,0.20134,8
746,1,1,"Proposal 1 (N)","Proposal 4 (BM)",1.18900409017407,0.84104,91.743119266055,0.0109,8
747,0,0,"Proposal 2 (Y)","Proposal 3 (CA)",77.7604976671851,0.01286,23.5849056603774,0.0424,8
748,1,1,"Proposal 5 (N)","Proposal 3 (BM)",80,0.0125,2.9385836027035,0.3403,8
749,1,1,"Proposal 5 (Y)","Proposal 2 (BM)",16.914749661705,0.05912,8.70019140421089,0.11494,8
750,1,0,"Proposal 2 (Y)","Proposal 4 (BM)",1.18900409017407,0.84104,23.5849056603774,0.0424,8
751,1,1,"Proposal 3 (Y)","Proposal 4 (BM)",1.18900409017407,0.84104,20.6100577081616,0.04852,8
752,1,1,"Proposal 5 (N)","Proposal 3 (CA)",77.7604976671851,0.01286,2.9385836027035,0.3403,8
753,0,1,"Proposal 4 (Y)","Proposal 4 (BM)",1.18900409017407,0.84104,4.9667229561935,0.20134,8
754,1,0,"Proposal 5 (N)","Proposal 4 (BM)",1.18900409017407,0.84104,2.9385836027035,0.3403,8
755,1,1,"Proposal 5 (N)","Proposal 4 (BM)",1.18900409017407,0.84104,2.9385836027035,0.3403,8
756,1,1,"Proposal 1 (Y)","Proposal 4 (BM)",1.18900409017407,0.84104,18.1818181818182,0.055,8
757,1,1,"Proposal 5 (Y)","Proposal 4 (BM)",1.18900409017407,0.84104,8.70019140421089,0.11494,8
758,1,1,"Proposal 5 (N)","Proposal 4 (CA)",27.5785990071704,0.03626,2.9385836027035,0.3403,8
759,1,1,"Proposal 5 (N)","Proposal 4 (BM)",1.18900409017407,0.84104,2.9385836027035,0.3403,8
760,1,1,"Proposal 5 (N)","Proposal 4 (BM)",1.18900409017407,0.84104,2.9385836027035,0.3403,8
761,1,1,"Proposal 4 (Y)","Proposal 2 (BM)",16.914749661705,0.05912,4.9667229561935,0.20134,8
762,1,1,"Proposal 5 (Y)","Proposal 4 (BM)",1.18900409017407,0.84104,8.70019140421089,0.11494,8
763,1,1,"Proposal 5 (Y)","Proposal 2 (BM)",16.914749661705,0.05912,8.70019140421089,0.11494,8
764,1,1,"Proposal 4 (Y)","Proposal 4 (BM)",1.18900409017407,0.84104,4.9667229561935,0.20134,8
765,0,1,"Proposal 5 (N)","Proposal 4 (BM)",1.18900409017407,0.84104,2.9385836027035,0.3403,8
766,1,1,"Proposal 4 (Y)","Proposal 4 (BM)",1.18900409017407,0.84104,4.9667229561935,0.20134,8
767,1,0,"Proposal 5 (N)","Proposal 4 (BM)",1.18900409017407,0.84104,2.9385836027035,0.3403,8
768,0,1,"Proposal 3 (N)","Proposal 4 (BM)",1.18900409017407,0.84104,6.9309675630718,0.14428,8
769,1,1,"Proposal 3 (N)","Proposal 4 (BM)",1.18900409017407,0.84104,6.9309675630718,0.14428,8
770,1,1,"Proposal 5 (Y)","Proposal 4 (BM)",1.18900409017407,0.84104,8.70019140421089,0.11494,8
771,1,1,"Proposal 5 (Y)","Proposal 4 (BM)",1.18900409017407,0.84104,8.70019140421089,0.11494,8
772,0,1,"Proposal 5 (N)","Proposal 4 (BM)",1.18900409017407,0.84104,2.9385836027035,0.3403,8
773,1,1,"Proposal 5 (Y)","Proposal 4 (BM)",1.18900409017407,0.84104,8.70019140421089,0.11494,8
774,1,1,"Proposal 3 (N)","Proposal 4 (BM)",1.18900409017407,0.84104,6.9309675630718,0.14428,8
775,1,1,"Proposal 3 (N)","Proposal 4 (BM)",1.18900409017407,0.84104,6.9309675630718,0.14428,8
776,1,1,"Proposal 5 (N)","Proposal 4 (BM)",1.18900409017407,0.84104,2.9385836027035,0.3403,8
777,1,1,"Proposal 5 (Y)","Proposal 4 (BM)",1.18900409017407,0.84104,8.70019140421089,0.11494,8
778,1,1,"Proposal 2 (Y)","Proposal 4 (BM)",1.18900409017407,0.84104,23.5849056603774,0.0424,8
779,0,1,"Proposal 1 (Y)","Proposal 4 (BM)",1.18900409017407,0.84104,18.1818181818182,0.055,8
780,1,1,"Proposal 5 (Y)","Proposal 4 (BM)",1.18900409017407,0.84104,8.70019140421089,0.11494,8
781,1,1,"Proposal 5 (N)","Proposal 3 (BM)",80,0.0125,2.9385836027035,0.3403,8
782,0,0,"Proposal 4 (Y)","Proposal 4 (BM)",1.18900409017407,0.84104,4.9667229561935,0.20134,8
783,1,1,"Proposal 3 (N)","Proposal 4 (BM)",1.18900409017407,0.84104,6.9309675630718,0.14428,8
784,1,1,"Proposal 5 (Y)","Proposal 4 (BM)",1.18900409017407,0.84104,8.70019140421089,0.11494,8
785,1,0,"Proposal 4 (Y)","Proposal 4 (BM)",1.18900409017407,0.84104,4.9667229561935,0.20134,8
786,1,1,"Proposal 2 (Y)","Proposal 4 (BM)",1.18900409017407,0.84104,23.5849056603774,0.0424,8
787,1,1,"Proposal 3 (N)","Proposal 4 (BM)",1.18900409017407,0.84104,6.9309675630718,0.14428,8
788,1,1,"Proposal 3 (N)","Proposal 4 (CA)",27.5785990071704,0.03626,6.9309675630718,0.14428,8
789,1,1,"Proposal 5 (Y)","Proposal 4 (BM)",1.18900409017407,0.84104,8.70019140421089,0.11494,8
790,1,1,"Proposal 3 (N)","Proposal 4 (BM)",1.18900409017407,0.84104,6.9309675630718,0.14428,8
791,1,0,"Proposal 5 (N)","Proposal 4 (BM)",1.18900409017407,0.84104,2.9385836027035,0.3403,8
792,1,1,"Proposal 5 (N)","Proposal 4 (BM)",1.18900409017407,0.84104,2.9385836027035,0.3403,8
793,1,1,"Proposal 4 (Y)","Proposal 4 (BM)",1.18900409017407,0.84104,4.9667229561935,0.20134,8
794,1,1,"Proposal 3 (N)","Proposal 4 (BM)",1.18900409017407,0.84104,6.9309675630718,0.14428,8
795,1,0,"Proposal 5 (N)","Proposal 4 (BM)",1.18900409017407,0.84104,2.9385836027035,0.3403,8
796,0,1,"Proposal 4 (Y)","Proposal 4 (BM)",1.18900409017407,0.84104,4.9667229561935,0.20134,8
797,1,0,"Proposal 4 (Y)","Proposal 2 (BM)",16.914749661705,0.05912,4.9667229561935,0.20134,8
798,1,0,"Proposal 3 (N)","Proposal 4 (BM)",1.18900409017407,0.84104,6.9309675630718,0.14428,8
799,1,1,"Proposal 4 (Y)","Proposal 4 (BM)",1.14963671479812,0.86984,10.0908173562059,0.0991,9
800,1,1,"Proposal 3 (Y)","Proposal 4 (BM)",1.14963671479812,0.86984,13.3049494411921,0.07516,9
801,1,1,"Proposal 4 (Y)","Proposal 4 (CA)",21.2494687632809,0.04706,10.0908173562059,0.0991,9
802,1,1,"Proposal 1 (Y)","Proposal 4 (BM)",1.14963671479812,0.86984,22.8102189781022,0.04384,9
803,1,0,"Proposal 5 (Y)","Proposal 4 (BM)",1.14963671479812,0.86984,2.80221935773132,0.35686,9
804,1,1,"Proposal 5 (Y)","Proposal 4 (BM)",1.14963671479812,0.86984,2.80221935773132,0.35686,9
805,1,1,"Proposal 5 (Y)","Proposal 4 (CA)",21.2494687632809,0.04706,2.80221935773132,0.35686,9
806,1,1,"Proposal 5 (Y)","Proposal 2 (CA)",80,0.0125,2.80221935773132,0.35686,9
807,1,1,"Proposal 5 (N)","Proposal 2 (BM)",50.3018108651912,0.01988,12.6103404791929,0.0793,9
808,1,1,"Proposal 3 (N)","Proposal 4 (BM)",1.14963671479812,0.86984,4.33839479392625,0.2305,9
809,1,1,"Proposal 3 (N)","Proposal 4 (BM)",1.14963671479812,0.86984,4.33839479392625,0.2305,9
810,1,1,"Proposal 3 (N)","Proposal 4 (BM)",1.14963671479812,0.86984,4.33839479392625,0.2305,9
811,1,1,"Proposal 5 (Y)","Proposal 4 (BM)",1.14963671479812,0.86984,2.80221935773132,0.35686,9
812,1,1,"Proposal 5 (Y)","Proposal 4 (BM)",1.14963671479812,0.86984,2.80221935773132,0.35686,9
813,1,0,"Proposal 3 (N)","Proposal 1 (CA)",77.7604976671851,0.01286,4.33839479392625,0.2305,9
814,1,1,"Proposal 5 (Y)","Proposal 4 (BM)",1.14963671479812,0.86984,2.80221935773132,0.35686,9
815,1,1,"Proposal 4 (Y)","Proposal 2 (BM)",50.3018108651912,0.01988,10.0908173562059,0.0991,9
816,1,1,"Proposal 5 (Y)","Proposal 4 (BM)",1.14963671479812,0.86984,2.80221935773132,0.35686,9
817,1,1,"Proposal 3 (Y)","Proposal 4 (BM)",1.14963671479812,0.86984,13.3049494411921,0.07516,9
818,1,1,"Proposal 4 (Y)","Proposal 4 (BM)",1.14963671479812,0.86984,10.0908173562059,0.0991,9
819,1,1,"Proposal 3 (Y)","Proposal 4 (BM)",1.14963671479812,0.86984,13.3049494411921,0.07516,9
820,1,1,"Proposal 1 (Y)","Proposal 4 (BM)",1.14963671479812,0.86984,22.8102189781022,0.04384,9
821,1,1,"Proposal 5 (Y)","Proposal 4 (BM)",1.14963671479812,0.86984,2.80221935773132,0.35686,9
822,1,1,"Proposal 3 (N)","Proposal 1 (CA)",77.7604976671851,0.01286,4.33839479392625,0.2305,9
823,1,1,"Proposal 3 (N)","Proposal 4 (CA)",21.2494687632809,0.04706,4.33839479392625,0.2305,9
824,1,0,"Proposal 2 (Y)","Proposal 4 (BM)",1.14963671479812,0.86984,20.4582651391162,0.04888,9
825,1,1,"Proposal 4 (Y)","Proposal 4 (BM)",1.14963671479812,0.86984,10.0908173562059,0.0991,9
826,1,1,"Proposal 5 (Y)","Proposal 4 (BM)",1.14963671479812,0.86984,2.80221935773132,0.35686,9
827,1,1,"Proposal 5 (Y)","Proposal 4 (BM)",1.14963671479812,0.86984,2.80221935773132,0.35686,9
828,0,1,"Proposal 3 (N)","Proposal 4 (BM)",1.14963671479812,0.86984,4.33839479392625,0.2305,9
829,1,1,"Proposal 5 (Y)","Proposal 4 (BM)",1.14963671479812,0.86984,2.80221935773132,0.35686,9
830,1,1,"Proposal 4 (N)","Proposal 4 (BM)",1.14963671479812,0.86984,23.7868696479543,0.04204,9
831,1,1,"Proposal 2 (Y)","Proposal 4 (BM)",1.14963671479812,0.86984,20.4582651391162,0.04888,9
832,0,0,"Proposal 1 (Y)","Proposal 4 (BM)",1.14963671479812,0.86984,22.8102189781022,0.04384,9
833,1,1,"Proposal 1 (Y)","Proposal 4 (BM)",1.14963671479812,0.86984,22.8102189781022,0.04384,9
834,1,1,"Proposal 4 (Y)","Proposal 4 (BM)",1.14963671479812,0.86984,10.0908173562059,0.0991,9
835,0,1,"Proposal 5 (Y)","Proposal 4 (BM)",1.14963671479812,0.86984,2.80221935773132,0.35686,9
836,0,1,"Proposal 5 (Y)","Proposal 2 (BM)",50.3018108651912,0.01988,2.80221935773132,0.35686,9
837,1,1,"Proposal 5 (Y)","Proposal 4 (CA)",21.2494687632809,0.04706,2.80221935773132,0.35686,9
838,1,1,"Proposal 5 (Y)","Proposal 4 (BM)",1.14963671479812,0.86984,2.80221935773132,0.35686,9
839,1,0,"Proposal 3 (N)","Proposal 1 (CA)",77.7604976671851,0.01286,4.33839479392625,0.2305,9
840,1,1,"Proposal 3 (N)","Proposal 4 (BM)",1.14963671479812,0.86984,4.33839479392625,0.2305,9
841,1,1,"Proposal 5 (Y)","Proposal 2 (BM)",50.3018108651912,0.01988,2.80221935773132,0.35686,9
842,1,1,"Proposal 5 (Y)","Proposal 4 (BM)",1.14963671479812,0.86984,2.80221935773132,0.35686,9
843,1,1,"Proposal 3 (N)","Proposal 4 (BM)",1.14963671479812,0.86984,4.33839479392625,0.2305,9
844,1,1,"Proposal 3 (N)","Proposal 4 (BM)",1.14963671479812,0.86984,4.33839479392625,0.2305,9
845,1,1,"Proposal 5 (N)","Proposal 4 (BM)",1.14963671479812,0.86984,12.6103404791929,0.0793,9
846,1,1,"Proposal 5 (Y)","Proposal 4 (BM)",1.14963671479812,0.86984,2.80221935773132,0.35686,9
847,1,1,"Proposal 3 (N)","Proposal 4 (BM)",1.14963671479812,0.86984,4.33839479392625,0.2305,9
848,0,1,"Proposal 3 (N)","Proposal 4 (BM)",1.14963671479812,0.86984,4.33839479392625,0.2305,9
849,1,1,"Proposal 5 (N)","Proposal 4 (BM)",1.14963671479812,0.86984,12.6103404791929,0.0793,9
850,1,1,"Proposal 3 (Y)","Proposal 4 (BM)",1.14963671479812,0.86984,13.3049494411921,0.07516,9
851,1,1,"Proposal 3 (Y)","Proposal 4 (BM)",1.14963671479812,0.86984,13.3049494411921,0.07516,9
852,1,1,"Proposal 2 (Y)","Proposal 4 (BM)",1.14963671479812,0.86984,20.4582651391162,0.04888,9
853,1,1,"Proposal 3 (N)","Proposal 4 (BM)",1.14963671479812,0.86984,4.33839479392625,0.2305,9
854,1,1,"Proposal 3 (N)","Proposal 4 (BM)",1.14963671479812,0.86984,4.33839479392625,0.2305,9
855,1,1,"Proposal 3 (N)","Proposal 4 (CA)",21.2494687632809,0.04706,4.33839479392625,0.2305,9
856,0,1,"Proposal 1 (N)","Proposal 1 (BM)",80,0.0125,86.0585197934596,0.01162,9
857,1,1,"Proposal 2 (N)","Proposal 4 (BM)",1.14963671479812,0.86984,78.740157480315,0.0127,9
858,1,1,"Proposal 4 (Y)","Proposal 3 (CA)",80,0.0125,10.0908173562059,0.0991,9
859,1,1,"Proposal 3 (N)","Proposal 4 (BM)",1.14963671479812,0.86984,4.33839479392625,0.2305,9
860,1,1,"Proposal 5 (Y)","Proposal 4 (BM)",1.14963671479812,0.86984,2.80221935773132,0.35686,9
861,1,0,"Proposal 2 (Y)","Proposal 4 (BM)",1.14963671479812,0.86984,20.4582651391162,0.04888,9
862,1,1,"Proposal 4 (Y)","Proposal 4 (BM)",1.14963671479812,0.86984,10.0908173562059,0.0991,9
863,1,1,"Proposal 5 (N)","Proposal 4 (BM)",1.14963671479812,0.86984,12.6103404791929,0.0793,9
864,1,1,"Proposal 3 (N)","Proposal 4 (BM)",1.14963671479812,0.86984,4.33839479392625,0.2305,9
865,1,1,"Proposal 4 (Y)","Proposal 4 (BM)",1.14963671479812,0.86984,10.0908173562059,0.0991,9
866,1,0,"Proposal 3 (N)","Proposal 2 (CA)",80,0.0125,4.33839479392625,0.2305,9
867,1,1,"Proposal 5 (N)","Proposal 4 (BM)",1.14963671479812,0.86984,12.6103404791929,0.0793,9
868,1,1,"Proposal 1 (N)","Proposal 4 (BM)",1.14963671479812,0.86984,86.0585197934596,0.01162,9
869,1,1,"Proposal 5 (Y)","Proposal 1 (BM)",80,0.0125,2.80221935773132,0.35686,9
870,1,1,"Proposal 4 (N)","Proposal 4 (CA)",21.2494687632809,0.04706,23.7868696479543,0.04204,9
871,1,1,"Proposal 3 (N)","Proposal 4 (BM)",1.14963671479812,0.86984,4.33839479392625,0.2305,9
872,0,1,"Proposal 5 (Y)","Proposal 4 (BM)",1.14963671479812,0.86984,2.80221935773132,0.35686,9
873,1,1,"Proposal 3 (Y)","Proposal 4 (BM)",1.14963671479812,0.86984,13.3049494411921,0.07516,9
874,0,1,"Proposal 3 (N)","Proposal 1 (CA)",77.7604976671851,0.01286,4.33839479392625,0.2305,9
875,1,0,"Proposal 5 (Y)","Proposal 3 (CA)",80,0.0125,2.80221935773132,0.35686,9
876,1,1,"Proposal 1 (Y)","Proposal 4 (BM)",1.14963671479812,0.86984,22.8102189781022,0.04384,9
877,1,1,"Proposal 5 (Y)","Proposal 4 (BM)",1.14963671479812,0.86984,2.80221935773132,0.35686,9
878,1,1,"Proposal 3 (N)","Proposal 4 (BM)",1.14963671479812,0.86984,4.33839479392625,0.2305,9
879,1,1,"Proposal 3 (Y)","Proposal 4 (BM)",1.14963671479812,0.86984,13.3049494411921,0.07516,9
880,1,1,"Proposal 2 (Y)","Proposal 4 (CA)",21.2494687632809,0.04706,20.4582651391162,0.04888,9
881,1,1,"Proposal 4 (Y)","Proposal 4 (BM)",1.14963671479812,0.86984,10.0908173562059,0.0991,9
882,1,1,"Proposal 4 (N)","Proposal 4 (BM)",1.14963671479812,0.86984,23.7868696479543,0.04204,9
883,1,1,"Proposal 3 (Y)","Proposal 4 (BM)",1.14963671479812,0.86984,13.3049494411921,0.07516,9
884,1,1,"Proposal 4 (Y)","Proposal 4 (BM)",1.14963671479812,0.86984,10.0908173562059,0.0991,9
885,1,1,"Proposal 3 (N)","Proposal 3 (CA)",80,0.0125,4.33839479392625,0.2305,9
886,1,1,"Proposal 5 (Y)","Proposal 4 (CA)",21.2494687632809,0.04706,2.80221935773132,0.35686,9
887,0,1,"Proposal 3 (N)","Proposal 4 (BM)",1.14963671479812,0.86984,4.33839479392625,0.2305,9
888,1,1,"Proposal 5 (N)","Proposal 4 (BM)",1.14963671479812,0.86984,12.6103404791929,0.0793,9
889,0,1,"Proposal 2 (Y)","Proposal 4 (BM)",1.14963671479812,0.86984,20.4582651391162,0.04888,9
890,0,1,"Proposal 5 (Y)","Proposal 4 (BM)",1.14963671479812,0.86984,2.80221935773132,0.35686,9
891,1,1,"Proposal 5 (Y)","Proposal 4 (BM)",1.14963671479812,0.86984,2.80221935773132,0.35686,9
892,0,1,"Proposal 5 (Y)","Proposal 4 (BM)",1.14963671479812,0.86984,2.80221935773132,0.35686,9
893,0,1,"Proposal 4 (Y)","Proposal 4 (BM)",1.14963671479812,0.86984,10.0908173562059,0.0991,9
894,1,1,"Proposal 4 (N)","Proposal 4 (BM)",1.14963671479812,0.86984,23.7868696479543,0.04204,9
895,1,1,"Proposal 4 (N)","Proposal 4 (BM)",1.14963671479812,0.86984,23.7868696479543,0.04204,9
896,1,1,"Proposal 3 (N)","Proposal 4 (BM)",1.14963671479812,0.86984,4.33839479392625,0.2305,9
897,0,1,"Proposal 5 (Y)","Proposal 4 (BM)",1.14963671479812,0.86984,2.80221935773132,0.35686,9
898,0,1,"Proposal 3 (Y)","Proposal 4 (BM)",1.14963671479812,0.86984,13.3049494411921,0.07516,9
899,1,1,"Proposal 4 (Y)","Proposal 4 (BM)",1.16898905826241,0.85544,6.43335048893464,0.15544,10
900,1,1,"Proposal 3 (Y)","Proposal 4 (BM)",1.16898905826241,0.85544,10.8389334489486,0.09226,10
901,1,1,"Proposal 4 (N)","Proposal 4 (BM)",1.16898905826241,0.85544,9.61908426317815,0.10396,10
902,1,1,"Proposal 4 (Y)","Proposal 4 (BM)",1.18900409017407,0.84104,4.9667229561935,0.20134,8
903,1,1,"Proposal 2 (Y)","Proposal 4 (BM)",1.16898905826241,0.85544,19.1864927091328,0.05212,10
904,1,1,"Proposal 5 (N)","Proposal 4 (BM)",1.16898905826241,0.85544,8.0450522928399,0.1243,10
905,0,1,"Proposal 5 (Y)","Proposal 4 (BM)",1.16898905826241,0.85544,5.00700981373924,0.19972,10
906,1,1,"Proposal 3 (N)","Proposal 4 (BM)",1.16898905826241,0.85544,4.90966221523959,0.20368,10
907,1,1,"Proposal 3 (N)","Proposal 2 (CA)",80,0.0125,4.90966221523959,0.20368,10
908,1,1,"Proposal 3 (N)","Proposal 4 (BM)",1.16898905826241,0.85544,4.90966221523959,0.20368,10
909,1,1,"Proposal 3 (Y)","Proposal 4 (BM)",1.16898905826241,0.85544,10.8389334489486,0.09226,10
910,0,1,"Proposal 5 (Y)","Proposal 4 (BM)",1.16898905826241,0.85544,5.00700981373924,0.19972,10
911,1,1,"Proposal 5 (Y)","Proposal 4 (BM)",1.16898905826241,0.85544,5.00700981373924,0.19972,10
912,1,1,"Proposal 4 (Y)","Proposal 4 (BM)",1.16898905826241,0.85544,6.43335048893464,0.15544,10
913,1,1,"Proposal 5 (Y)","Proposal 4 (BM)",1.16898905826241,0.85544,5.00700981373924,0.19972,10
914,1,1,"Proposal 5 (Y)","Proposal 2 (CA)",80,0.0125,5.00700981373924,0.19972,10
915,0,1,"Proposal 5 (N)","Proposal 4 (CA)",16.5617754223253,0.06038,8.0450522928399,0.1243,10
916,0,1,"Proposal 5 (N)","Proposal 4 (BM)",1.16898905826241,0.85544,8.0450522928399,0.1243,10
917,1,1,"Proposal 4 (Y)","Proposal 4 (BM)",1.16898905826241,0.85544,6.43335048893464,0.15544,10
918,1,1,"Proposal 2 (Y)","Proposal 4 (BM)",1.16898905826241,0.85544,19.1864927091328,0.05212,10
919,0,0,"Proposal 4 (N)","Proposal 4 (BM)",1.16898905826241,0.85544,9.61908426317815,0.10396,10
920,1,1,"Proposal 3 (N)","Proposal 4 (BM)",1.16898905826241,0.85544,4.90966221523959,0.20368,10
921,1,1,"Proposal 3 (Y)","Proposal 4 (BM)",1.16898905826241,0.85544,10.8389334489486,0.09226,10
922,1,1,"Proposal 4 (N)","Proposal 4 (BM)",1.16898905826241,0.85544,9.61908426317815,0.10396,10
923,1,1,"Proposal 3 (N)","Proposal 4 (BM)",1.16898905826241,0.85544,4.90966221523959,0.20368,10
924,1,1,"Proposal 3 (N)","Proposal 4 (BM)",1.16898905826241,0.85544,4.90966221523959,0.20368,10
925,1,1,"Proposal 3 (N)","Proposal 4 (BM)",1.16898905826241,0.85544,4.90966221523959,0.20368,10
926,1,1,"Proposal 5 (N)","Proposal 4 (CA)",16.5617754223253,0.06038,8.0450522928399,0.1243,10
927,1,1,"Proposal 4 (N)","Proposal 4 (BM)",1.16898905826241,0.85544,9.61908426317815,0.10396,10
928,1,1,"Proposal 3 (N)","Proposal 4 (BM)",1.16898905826241,0.85544,4.90966221523959,0.20368,10
929,1,0,"Proposal 2 (N)","Proposal 4 (BM)",1.16898905826241,0.85544,72.5689404934688,0.01378,10
930,0,1,"Proposal 5 (Y)","Proposal 1 (CA)",80,0.0125,5.00700981373924,0.19972,10
931,0,1,"Proposal 3 (N)","Proposal 4 (CA)",16.5617754223253,0.06038,4.90966221523959,0.20368,10
932,1,0,"Proposal 3 (N)","Proposal 4 (BM)",1.16898905826241,0.85544,4.90966221523959,0.20368,10
933,1,1,"Proposal 3 (N)","Proposal 4 (BM)",1.16898905826241,0.85544,4.90966221523959,0.20368,10
934,1,1,"Proposal 5 (Y)","Proposal 4 (CA)",16.5617754223253,0.06038,5.00700981373924,0.19972,10
935,0,1,"Proposal 5 (Y)","Proposal 4 (BM)",1.16898905826241,0.85544,5.00700981373924,0.19972,10
936,1,1,"Proposal 4 (Y)","Proposal 4 (BM)",1.16898905826241,0.85544,6.43335048893464,0.15544,10
937,1,1,"Proposal 5 (Y)","Proposal 4 (BM)",1.16898905826241,0.85544,5.00700981373924,0.19972,10
938,1,1,"Proposal 5 (Y)","Proposal 4 (BM)",1.16898905826241,0.85544,5.00700981373924,0.19972,10
939,1,1,"Proposal 2 (Y)","Proposal 4 (BM)",1.16898905826241,0.85544,19.1864927091328,0.05212,10
940,1,1,"Proposal 3 (Y)","Proposal 4 (BM)",1.16898905826241,0.85544,10.8389334489486,0.09226,10
941,1,1,"Proposal 1 (Y)","Proposal 4 (BM)",1.16898905826241,0.85544,22.9990800367985,0.04348,10
942,1,1,"Proposal 3 (Y)","Proposal 4 (BM)",1.16898905826241,0.85544,10.8389334489486,0.09226,10
943,1,1,"Proposal 5 (Y)","Proposal 4 (BM)",1.16898905826241,0.85544,5.00700981373924,0.19972,10
944,1,1,"Proposal 4 (N)","Proposal 4 (BM)",1.16898905826241,0.85544,9.61908426317815,0.10396,10
945,0,1,"Proposal 5 (Y)","Proposal 4 (BM)",1.16898905826241,0.85544,5.00700981373924,0.19972,10
946,1,1,"Proposal 5 (Y)","Proposal 4 (BM)",1.16898905826241,0.85544,5.00700981373924,0.19972,10
947,1,1,"Proposal 3 (N)","Proposal 3 (CA)",80,0.0125,4.90966221523959,0.20368,10
948,1,1,"Proposal 4 (Y)","Proposal 4 (BM)",1.16898905826241,0.85544,6.43335048893464,0.15544,10
949,1,1,"Proposal 4 (Y)","Proposal 4 (BM)",1.16898905826241,0.85544,6.43335048893464,0.15544,10
950,1,1,"Proposal 1 (Y)","Proposal 4 (BM)",1.16898905826241,0.85544,22.9990800367985,0.04348,10
951,1,1,"Proposal 5 (Y)","Proposal 4 (BM)",1.16898905826241,0.85544,5.00700981373924,0.19972,10
952,1,1,"Proposal 2 (Y)","Proposal 4 (BM)",1.16898905826241,0.85544,19.1864927091328,0.05212,10
953,1,1,"Proposal 5 (Y)","Proposal 4 (BM)",1.16898905826241,0.85544,5.00700981373924,0.19972,10
954,1,1,"Proposal 4 (Y)","Proposal 4 (BM)",1.16898905826241,0.85544,6.43335048893464,0.15544,10
955,1,1,"Proposal 5 (N)","Proposal 4 (BM)",1.16898905826241,0.85544,8.0450522928399,0.1243,10
956,1,1,"Proposal 2 (N)","Proposal 4 (BM)",1.16898905826241,0.85544,72.5689404934688,0.01378,10
957,0,1,"Proposal 2 (N)","Proposal 4 (BM)",1.16898905826241,0.85544,72.5689404934688,0.01378,10
958,1,1,"Proposal 5 (Y)","Proposal 4 (BM)",1.16898905826241,0.85544,5.00700981373924,0.19972,10
959,0,1,"Proposal 5 (N)","Proposal 4 (BM)",1.16898905826241,0.85544,8.0450522928399,0.1243,10
960,0,1,"Proposal 5 (Y)","Proposal 2 (BM)",47.3036896877957,0.02114,5.00700981373924,0.19972,10
961,1,1,"Proposal 5 (Y)","Proposal 4 (BM)",1.16898905826241,0.85544,5.00700981373924,0.19972,10
962,1,1,"Proposal 5 (Y)","Proposal 4 (BM)",1.16898905826241,0.85544,5.00700981373924,0.19972,10
963,1,0,"Proposal 5 (Y)","Proposal 4 (BM)",1.16898905826241,0.85544,5.00700981373924,0.19972,10
964,1,1,"Proposal 5 (Y)","Proposal 4 (BM)",1.16898905826241,0.85544,5.00700981373924,0.19972,10
965,0,1,"Proposal 3 (N)","Proposal 2 (CA)",80,0.0125,4.90966221523959,0.20368,10
966,1,1,"Proposal 5 (Y)","Proposal 4 (BM)",1.16898905826241,0.85544,5.00700981373924,0.19972,10
967,0,1,"Proposal 4 (N)","Proposal 4 (BM)",1.16898905826241,0.85544,9.61908426317815,0.10396,10
968,1,1,"Proposal 4 (N)","Proposal 4 (BM)",1.16898905826241,0.85544,9.61908426317815,0.10396,10
969,1,1,"Proposal 5 (N)","Proposal 4 (BM)",1.16898905826241,0.85544,8.0450522928399,0.1243,10
970,0,0,"Proposal 3 (N)","Proposal 4 (BM)",1.16898905826241,0.85544,4.90966221523959,0.20368,10
971,1,0,"Proposal 4 (N)","Proposal 4 (BM)",1.16898905826241,0.85544,9.61908426317815,0.10396,10
972,0,1,"Proposal 3 (Y)","Proposal 4 (BM)",1.16898905826241,0.85544,10.8389334489486,0.09226,10
973,1,1,"Proposal 4 (Y)","Proposal 4 (BM)",1.16898905826241,0.85544,6.43335048893464,0.15544,10
974,1,1,"Proposal 5 (N)","Proposal 4 (BM)",1.16898905826241,0.85544,8.0450522928399,0.1243,10
975,1,1,"Proposal 5 (N)","Proposal 4 (BM)",1.16898905826241,0.85544,8.0450522928399,0.1243,10
976,1,1,"Proposal 1 (Y)","Proposal 4 (CA)",16.5617754223253,0.06038,22.9990800367985,0.04348,10
977,0,1,"Proposal 4 (Y)","Proposal 4 (BM)",1.16898905826241,0.85544,6.43335048893464,0.15544,10
978,1,1,"Proposal 4 (N)","Proposal 4 (BM)",1.16898905826241,0.85544,9.61908426317815,0.10396,10
979,1,1,"Proposal 3 (N)","Proposal 4 (BM)",1.16898905826241,0.85544,4.90966221523959,0.20368,10
980,1,1,"Proposal 5 (Y)","Proposal 4 (BM)",1.16898905826241,0.85544,5.00700981373924,0.19972,10
981,1,1,"Proposal 3 (N)","Proposal 4 (BM)",1.16898905826241,0.85544,4.90966221523959,0.20368,10
982,1,1,"Proposal 5 (N)","Proposal 4 (BM)",1.16898905826241,0.85544,8.0450522928399,0.1243,10
983,1,1,"Proposal 3 (N)","Proposal 4 (BM)",1.16898905826241,0.85544,4.90966221523959,0.20368,10
984,1,1,"Proposal 1 (Y)","Proposal 4 (CA)",16.5617754223253,0.06038,22.9990800367985,0.04348,10
985,1,1,"Proposal 3 (Y)","Proposal 4 (BM)",1.16898905826241,0.85544,10.8389334489486,0.09226,10
986,1,1,"Proposal 4 (N)","Proposal 4 (BM)",1.16898905826241,0.85544,9.61908426317815,0.10396,10
987,1,1,"Proposal 4 (Y)","Proposal 3 (CA)",80,0.0125,6.43335048893464,0.15544,10
988,1,1,"Proposal 5 (Y)","Proposal 4 (BM)",1.16898905826241,0.85544,5.00700981373924,0.19972,10
989,1,1,"Proposal 3 (N)","Proposal 4 (BM)",1.16898905826241,0.85544,4.90966221523959,0.20368,10
990,1,1,"Proposal 3 (N)","Proposal 4 (CA)",16.5617754223253,0.06038,4.90966221523959,0.20368,10
991,1,0,"Proposal 5 (Y)","Proposal 3 (BM)",78.8643533123028,0.01268,5.00700981373924,0.19972,10
992,1,1,"Proposal 3 (N)","Proposal 4 (BM)",1.16898905826241,0.85544,4.90966221523959,0.20368,10
993,0,1,"Proposal 3 (N)","Proposal 4 (BM)",1.16898905826241,0.85544,4.90966221523959,0.20368,10
994,0,1,"Proposal 5 (N)","Proposal 4 (BM)",1.16898905826241,0.85544,8.0450522928399,0.1243,10
995,0,1,"Proposal 4 (Y)","Proposal 4 (BM)",1.16898905826241,0.85544,6.43335048893464,0.15544,10
996,1,1,"Proposal 5 (Y)","Proposal 4 (BM)",1.16898905826241,0.85544,5.00700981373924,0.19972,10
997,1,1,"Proposal 4 (Y)","Proposal 4 (BM)",1.16898905826241,0.85544,6.43335048893464,0.15544,10
998,1,1,"Proposal 3 (N)","Proposal 4 (CA)",16.5617754223253,0.06038,4.90966221523959,0.20368,10
999,1,1,"Proposal 5 (N)","Proposal 4 (BM)",1.16898905826241,0.85544,8.0450522928399,0.1243,10
1000,1,1,"Proposal 3 (N)","Proposal 4 (BM)",1.16898905826241,0.85544,4.90966221523959,0.20368,10
